"","id","year","mo","day","temp","visib","num_collisions"
"1",1491,2016,7,7,19.7,6.7,529
"2",476,2013,10,6,14.1,10,471
"3",1807,2017,6,1,18.9,8,804
"4",2266,2018,9,6,18.8,9.3,596
"5",2678,2019,11,5,14.8,8.4,782
"6",1416,2016,5,2,12.8,10,624
"7",1496,2016,8,5,18.5,9.3,700
"8",2216,2018,7,5,21.4,2.1,753
"9",1046,2015,5,2,14.6,0.9,684
"10",1455,2016,6,6,16.7,10,688
"11",571,2014,1,3,-3.9,1.9,498
"12",268,2013,3,1,3.4,10,498
"13",947,2015,2,1,0.6,5.7,680
"14",2034,2018,1,4,-2.2,10,602
"15",207,2013,1,3,-8.8,10,545
"16",134,2012,11,7,12.6,7,526
"17",2198,2018,7,7,16.5,10,545
"18",900,2014,12,3,9.2,8,555
"19",282,2013,4,1,10,9.1,582
"20",2263,2018,9,3,21.7,3.1,783
"21",2660,2019,10,1,14.3,7.1,400
"22",1702,2017,2,1,3.9,10,540
"23",1272,2015,12,4,14.3,2.1,603
"24",456,2013,9,7,12.7,10,506
"25",636,2014,3,5,5.1,8.9,530
"26",1915,2017,9,4,20.8,4.9,740
"27",462,2013,10,6,16.3,9.6,497
"28",1316,2016,2,7,3.7,10,423
"29",249,2013,3,3,3.9,9.4,475
"30",1539,2016,9,6,17,9.7,646
"31",1901,2017,9,4,19.7,5.1,728
"32",693,2014,5,6,12.6,10,486
"33",2136,2018,5,1,11.7,8.7,695
"34",1577,2016,10,2,9.5,10,566
"35",181,2012,12,5,0.6,9.4,557
"36",2326,2018,11,3,4.1,10,688
"37",776,2014,8,5,19.3,10,522
"38",2477,2019,4,7,10.4,2.7,457
"39",1065,2015,5,7,18.2,7.1,555
"40",1567,2016,10,6,10.3,10,641
"41",290,2013,4,2,7.8,10,564
"42",288,2013,4,7,7.8,9.6,472
"43",908,2014,12,4,11.7,4.1,303
"44",405,2013,8,5,21.5,9.3,579
"45",2234,2018,8,2,22.7,4.5,701
"46",2047,2018,2,3,2.4,8.4,653
"47",1610,2016,11,7,6.3,10,466
"48",2426,2019,2,5,3.5,10,546
"49",2536,2019,6,3,17.2,10,686
"50",1851,2017,7,3,17.6,10,635
"51",626,2014,3,2,-2.4,10,551
"52",343,2013,6,6,16.8,4.8,571
"53",389,2013,7,3,23.8,5.7,571
"54",32,2012,8,3,22.3,7.8,616
"55",885,2014,12,2,5.8,9.9,611
"56",233,2013,2,1,-4.1,9.3,398
"57",830,2014,10,3,18.4,9.4,639
"58",1079,2015,6,7,19.4,10,578
"59",2120,2018,4,6,7,10,584
"60",796,2014,9,4,20.8,9.9,727
"61",2320,2018,11,4,11.2,9.9,631
"62",2066,2018,2,1,5.6,6.5,557
"63",552,2014,1,5,-4.3,0.8,423
"64",2397,2019,1,4,8.1,5.2,592
"65",2314,2018,11,5,15.6,5.2,746
"66",621,2014,3,4,0.1,3.9,545
"67",2624,2019,9,7,18.9,10,462
"68",760,2014,7,3,19.6,9.3,605
"69",1401,2016,5,1,10.7,4.9,589
"70",790,2014,8,5,19.6,10,631
"71",1196,2015,10,5,14.9,9.8,764
"72",2054,2018,2,3,2.7,8.5,671
"73",1220,2015,11,1,14.6,9.5,613
"74",1009,2015,4,7,5.3,10,422
"75",1067,2015,6,2,11.9,6.6,642
"76",1388,2016,4,2,8.3,9.8,732
"77",274,2013,3,7,6.1,10,426
"78",225,2013,2,7,-4.1,8.9,400
"79",2577,2019,7,2,21.3,7.8,553
"80",1324,2016,2,1,-7.4,9.3,291
"81",1995,2017,12,7,-2.4,10,547
"82",2336,2018,11,6,5.2,10,536
"83",48,2012,8,5,25.5,9.5,574
"84",2210,2018,7,5,17.9,10,700
"85",1257,2015,12,3,6.5,10,575
"86",570,2014,1,2,-1.6,8.5,1161
"87",625,2014,3,1,-1.9,10,519
"88",2312,2018,10,3,7.7,10,646
"89",9,2012,7,1,25.8,10,533
"90",1878,2017,8,2,21.4,6.4,684
"91",1908,2017,9,4,17.7,3.4,535
"92",334,2013,5,4,16.1,6.1,685
"93",43,2012,8,7,25.4,8.7,505
"94",2706,2019,11,5,4.7,10,425
"95",1396,2016,4,3,7.2,10,510
"96",540,2013,12,7,11.1,2.1,505
"97",872,2014,11,3,0.9,10,633
"98",18,2012,7,3,29.6,7.2,559
"99",1251,2015,12,4,11.9,6.4,623
"100",2677,2019,10,4,16.9,5.4,616
"101",365,2013,6,7,18.6,1.9,423
"102",1941,2017,10,2,17.9,8.7,685
"103",1963,2017,11,3,6.6,10,713
"104",1879,2017,8,3,22.4,6.3,629
"105",994,2015,3,6,1.2,7,507
"106",2527,2019,6,1,15.8,9.1,659
"107",2466,2019,4,3,6.5,6.6,613
"108",1362,2016,3,4,7.3,9.6,635
"109",593,2014,2,4,2.8,6.3,447
"110",2197,2018,7,6,19.6,9.9,526
"111",112,2012,10,6,17.1,5,587
"112",2505,2019,5,7,7.6,7.6,589
"113",764,2014,8,7,19.1,6,476
"114",1615,2016,12,5,8,10,690
"115",2262,2018,9,2,20.5,7.4,544
"116",1736,2017,4,7,4.3,9.3,514
"117",173,2012,12,4,4.3,10,606
"118",2271,2018,9,4,17.6,9.1,659
"119",350,2013,6,6,16.9,10,596
"120",1792,2017,5,7,11,9.4,474
"121",2429,2019,2,1,3.7,8.4,700
"122",2228,2018,8,3,23.7,5.9,656
"123",758,2014,7,1,20.8,4.8,595
"124",612,2014,3,2,-4,10,532
"125",2028,2018,1,5,-1.7,10,599
"126",1165,2015,9,2,24.7,9.1,795
"127",732,2014,7,3,20.6,7.2,658
"128",2170,2018,6,7,16.4,9.4,533
"129",1747,2017,4,4,9.9,9.5,590
"130",906,2014,12,2,8.6,6.6,732
"131",1190,2015,10,6,13.1,7.9,556
"132",1914,2017,9,3,20.4,1.5,696
"133",172,2012,12,3,6.7,10,590
"134",654,2014,4,2,11.4,6.6,452
"135",698,2014,5,4,11.1,10,663
"136",2694,2019,11,7,5.3,10,444
"137",299,2013,4,4,10.4,7.2,583
"138",2025,2018,1,2,0.2,8.2,617
"139",2664,2019,10,5,12.8,10,634
"140",850,2014,10,2,12.4,9.9,571
"141",1443,2016,6,1,16.4,10,646
"142",1752,2017,4,2,8.8,10,516
"143",1120,2015,7,6,20.3,9.7,451
"144",2255,2018,9,2,24.3,6.1,786
"145",1701,2017,2,7,6.1,7.3,462
"146",2327,2018,11,4,1.1,9.9,1065
"147",1473,2016,7,3,19.6,10,607
"148",1803,2017,6,4,11.5,9.2,660
"149",526,2013,12,7,1.1,10,456
"150",1960,2017,11,7,2.1,10,539
"151",79,2012,9,1,19.2,10,452
"152",1952,2017,11,6,12,9.3,613
"153",770,2014,8,6,21.3,9.9,538
"154",1276,2015,12,1,4.9,9.3,490
"155",2625,2019,9,1,17.7,9.8,603
"156",1846,2017,7,5,24.2,5.7,733
"157",388,2013,7,2,22.3,3.7,571
"158",281,2013,4,7,4.3,10,451
"159",2467,2019,4,4,6.9,9.8,660
"160",2698,2019,11,4,6.3,10,647
"161",1112,2015,7,5,18.3,10,659
"162",1379,2016,4,7,4.8,10,499
"163",1119,2015,7,5,22.1,10,490
"164",1970,2017,11,3,12.3,8,774
"165",412,2013,8,5,19.7,10,678
"166",2642,2019,9,4,18.2,9.9,645
"167",1709,2017,3,1,-1.7,10,618
"168",565,2014,1,4,4.9,4.6,521
"169",2192,2018,7,1,20.2,8.7,719
"170",2623,2019,9,6,16.7,7.4,489
"171",1225,2015,11,6,16.3,6.9,500
"172",452,2013,9,3,12.9,10,539
"173",2425,2019,2,4,2.7,6.4,597
"174",1352,2016,3,1,6.6,9.5,640
"175",1336,2016,2,6,-0.7,10,388
"176",502,2013,11,4,6,10,620
"177",2318,2018,11,2,13.8,2.1,679
"178",2010,2018,1,1,-12.5,10,453
"179",620,2014,3,3,6.3,7.2,515
"180",1582,2016,10,7,16.2,9.3,557
"181",220,2013,2,2,-1.8,7.8,566
"182",205,2013,1,1,-0.4,9.2,355
"183",1283,2016,1,2,-2.4,7.9,640
"184",1871,2017,8,2,19.9,4.3,577
"185",2225,2018,8,7,23.5,8.8,573
"186",2521,2019,5,2,10.9,8.1,654
"187",2629,2019,9,5,15.3,10,687
"188",2391,2019,1,5,0.7,8.3,596
"189",542,2013,12,2,3.6,8.8,515
"190",729,2014,6,7,18.2,9.5,537
"191",1595,2016,11,6,5.6,10,603
"192",2699,2019,11,5,8.9,8.8,633
"193",1894,2017,9,4,19.5,7.9,790
"194",2538,2019,6,5,16.5,8.2,749
"195",91,2012,9,6,16.9,7.6,485
"196",1639,2016,12,1,2.4,10,394
"197",1040,2015,5,3,12.9,9.7,568
"198",2586,2019,8,4,23.5,5.9,618
"199",398,2013,8,5,20.9,9.5,626
"200",61,2012,8,4,22.2,10,618
"201",935,2015,1,3,0.2,10,495
"202",666,2014,4,7,5.8,9.9,449
"203",1885,2017,8,2,16.7,9.9,614
"204",2459,2019,3,3,1.3,10,562
"205",178,2012,12,2,3.1,6.8,354
"206",439,2013,9,4,21.2,5.3,695
"207",1386,2016,4,7,7.7,10,568
"208",492,2013,11,1,5.6,10,658
"209",100,2012,10,1,9.9,9,376
"210",286,2013,4,5,6.4,7.7,649
"211",2558,2019,7,4,19.2,6.3,394
"212",910,2014,12,6,6.5,10,406
"213",40,2012,8,4,25.7,9.3,581
"214",52,2012,8,2,22.7,10,482
"215",1819,2017,6,6,19.6,4.6,753
"216",753,2014,7,3,20.7,9.9,591
"217",632,2014,3,1,-2.6,10,547
"218",64,2012,9,7,24.1,9.8,421
"219",375,2013,7,3,21.7,1.9,614
"220",2286,2018,10,5,16.8,9.8,796
"221",2330,2018,11,7,5.4,10,470
"222",1269,2015,12,1,9.7,9.4,612
"223",1091,2015,6,5,18.9,9.9,774
"224",2115,2018,4,1,7.1,2.6,741
"225",1986,2017,12,5,5,10,682
"226",1622,2016,12,5,2.6,10,701
"227",160,2012,12,5,3.8,7.9,714
"228",721,2014,6,6,15.5,10,557
"229",1472,2016,7,2,19.3,10,662
"230",2254,2018,9,1,21.1,9.2,533
"231",1750,2017,4,7,11.1,5.3,481
"232",453,2013,9,4,13.8,10,516
"233",774,2014,8,3,19.2,8.4,572
"234",992,2015,3,4,-2.4,10,582
"235",2062,2018,2,4,6.2,8.3,550
"236",2671,2019,10,5,13.3,9.6,647
"237",1429,2016,5,1,16.9,2,471
"238",948,2015,2,2,-6.1,9.3,740
"239",86,2012,9,1,15,10,562
"240",2714,2019,12,6,2.4,10,566
"241",2007,2017,12,5,-10.2,9.5,598
"242",1717,2017,3,2,2.4,6,374
"243",2383,2019,1,4,1.6,9.7,580
"244",2363,2018,12,5,10.2,5.3,782
"245",859,2014,11,4,12,9.4,652
"246",1187,2015,9,3,21.4,4.1,634
"247",999,2015,3,4,5.9,4.2,525
"248",1387,2016,4,1,9.7,10,687
"249",2609,2019,8,6,20.2,10,514
"250",1686,2017,2,6,0,8.4,511
"251",931,2015,1,6,-6.6,10,495
"252",1205,2015,10,7,7.8,10,551
"253",911,2014,12,7,8.3,9.5,349
"254",1057,2015,5,6,12.7,10,546
"255",2473,2019,4,3,5.4,9.3,633
"256",406,2013,8,6,22.4,6.4,495
"257",189,2013,1,6,2.9,10,389
"258",2143,2018,5,1,10.3,6.4,689
"259",519,2013,12,7,6.2,9.8,420
"260",2726,2019,12,4,-4.3,10,699
"261",1658,2017,1,6,-1.2,10,495
"262",1033,2015,4,3,9.6,9.8,679
"263",317,2013,5,1,11.7,9.9,577
"264",1566,2016,10,5,13.3,10,767
"265",804,2014,9,5,19.5,9.7,730
"266",1137,2015,8,2,19.9,7.5,601
"267",918,2015,1,7,9.2,1.9,381
"268",1173,2015,9,3,22.7,10,748
"269",1636,2016,12,5,3.9,10,692
"270",2682,2019,11,2,13.7,9.6,440
"271",1753,2017,4,3,5.4,10,580
"272",2064,2018,2,6,5.7,5,540
"273",367,2013,7,2,19.8,4,601
"274",1897,2017,9,7,16.2,9.7,533
"275",386,2013,7,7,22.7,6.6,447
"276",1440,2016,6,5,15.1,10,818
"277",1918,2017,10,7,13.1,10,571
"278",381,2013,7,2,25.2,8.3,582
"279",1447,2016,6,5,17.2,10,748
"280",513,2013,11,1,-2.8,10,710
"281",642,2014,4,4,4.9,10,592
"282",1001,2015,3,6,3,7.8,459
"283",1290,2016,1,2,0.6,10,637
"284",604,2014,2,1,3.1,9.7,569
"285",1969,2017,11,2,10.6,10,790
"286",1620,2016,12,3,6,8.8,637
"287",1929,2017,10,4,13.9,10,603
"288",1905,2017,9,1,18.7,3.4,672
"289",113,2012,10,7,13.6,10,426
"290",2212,2018,7,1,21.1,7.3,614
"291",973,2015,2,6,-5.4,10,538
"292",1372,2016,4,7,5.4,8.3,585
"293",1706,2017,3,5,0.7,10,745
"294",2074,2018,3,2,3.2,10,676
"295",2655,2019,10,3,13.8,7.8,383
"296",1123,2015,7,2,22.4,9,643
"297",315,2013,5,6,13.4,3.7,523
"298",2737,2019,12,1,4.2,5.2,518
"299",1994,2017,12,6,-0.6,8,661
"300",97,2012,10,5,19.9,8.4,693
"301",1487,2016,7,3,24.1,10,690
"302",1813,2017,6,7,17.7,0.7,593
"303",725,2014,6,3,19.3,9.9,646
"304",1323,2016,2,7,-14.6,8.5,309
"305",1526,2016,9,7,18.5,10,466
"306",1861,2017,8,6,19.8,2.5,573
"307",482,2013,10,5,8.9,10,647
"308",1514,2016,8,2,20.6,10,637
"309",2051,2018,2,7,7.9,1.2,479
"310",1437,2016,6,2,16.2,3.8,709
"311",2352,2018,12,1,1.9,10,651
"312",34,2012,8,5,25.5,6,589
"313",537,2013,12,4,3.9,10,607
"314",146,2012,11,5,9.1,8.9,481
"315",1684,2017,2,4,3.4,7,507
"316",1213,2015,10,1,11.3,10,698
"317",1101,2015,7,1,20.7,8.8,598
"318",1997,2017,12,2,7.2,9.3,657
"319",2282,2018,10,1,16.7,10,583
"320",78,2012,9,7,18.4,10,458
"321",2470,2019,4,7,7.4,10,487
"322",1227,2015,11,1,10.8,10,615
"323",2348,2018,12,4,1.6,10,681
"324",883,2014,11,7,7.8,9.9,377
"325",1951,2017,11,5,14.8,3.4,776
"326",2055,2018,2,4,4.9,2.2,645
"327",861,2014,11,6,6.6,10,543
"328",633,2014,3,2,-3.1,10,474
"329",1204,2015,10,6,11.5,10,565
"330",1371,2016,4,6,10.2,5,597
"331",1451,2016,6,2,17.6,7.4,681
"332",1289,2016,1,1,6.2,8.4,680
"333",426,2013,8,5,18.3,9.9,599
"334",2335,2018,11,5,-5,9.7,476
"335",737,2014,7,1,20.3,9.4,614
"336",497,2013,11,6,5.4,10,571
"337",1815,2017,6,2,17.4,1.1,813
"338",1299,2016,1,4,-0.6,10,666
"339",1405,2016,5,5,9.2,9.4,728
"340",1059,2015,5,1,14.9,10,420
"341",2398,2019,1,5,2.8,8.9,666
"342",750,2014,7,7,18.4,9.1,451
"343",1438,2016,6,3,16.5,8.4,763
"344",886,2014,12,3,10.7,6.1,569
"345",68,2012,9,4,22.9,9.7,572
"346",2702,2019,11,1,7.4,10,641
"347",1160,2015,9,4,23.6,7.5,665
"348",2037,2018,1,7,6.3,4.4,412
"349",1061,2015,5,3,16.9,8.5,697
"350",478,2013,10,1,12.4,10,616
"351",1799,2017,6,7,14.4,10,468
"352",662,2014,4,3,9.7,9.2,536
"353",976,2015,3,2,-2.8,10,631
"354",595,2014,2,6,1.8,7.3,516
"355",528,2013,12,2,3.8,6.7,539
"356",1449,2016,6,7,15.5,10,559
"357",839,2014,10,5,17.3,7.9,648
"358",1074,2015,6,2,17.8,7.9,652
"359",1430,2016,5,2,17.1,4.9,760
"360",1038,2015,5,1,11.2,9.9,641
"361",2465,2019,4,2,2.8,10,553
"362",1693,2017,2,6,2.8,9.8,570
"363",1402,2016,5,2,9,8.2,711
"364",2146,2018,5,4,12.3,5.3,732
"365",2453,2019,3,4,4.8,10,624
"366",1652,2017,1,7,-4.4,6.1,406
"367",1054,2015,5,3,14.9,6.1,666
"368",1465,2016,7,2,19.5,6.2,663
"369",1354,2016,3,3,7.3,7.7,629
"370",1616,2016,12,6,6.6,10,592
"371",2659,2019,10,7,14.2,9.6,441
"372",239,2013,2,7,5.9,4.3,426
"373",748,2014,7,5,20.9,9.6,624
"374",410,2013,8,3,20.2,8.3,622
"375",387,2013,7,1,20.2,5.6,591
"376",522,2013,12,3,4.3,9.8,520
"377",1837,2017,7,3,21.6,1.8,677
"378",21,2012,7,6,20.1,9.8,528
"379",892,2014,12,2,9.3,5.8,645
"380",583,2014,2,1,2.5,5.3,960
"381",833,2014,10,6,11.6,8.1,546
"382",362,2013,6,4,18.6,3.1,598
"383",2290,2018,10,2,17.3,10,628
"384",1876,2017,8,7,22.7,6.3,538
"385",1304,2016,1,2,5.7,9.1,734
"386",1771,2017,5,7,11.4,7.1,514
"387",938,2015,1,6,3.6,6.7,428
"388",1954,2017,11,1,16.8,7.4,682
"389",1920,2017,10,2,12.3,10,687
"390",2693,2019,11,6,4.3,10,527
"391",709,2014,6,1,16.2,7.1,528
"392",297,2013,4,2,7,5.1,513
"393",856,2014,11,1,7,10,625
"394",2381,2019,1,2,2.4,6.7,571
"395",107,2012,10,1,18.5,9.4,607
"396",1041,2015,5,4,13.3,9.8,684
"397",1737,2017,4,1,6.1,10,646
"398",2238,2018,8,6,23.3,5.9,579
"399",645,2014,4,7,5.1,10,484
"400",2189,2018,6,5,20,4.4,845
"401",909,2014,12,5,7.1,10,446
"402",2656,2019,10,4,12.5,4.9,615
"403",1089,2015,6,3,21.6,8.2,778
"404",2461,2019,3,5,6.9,10,563
"405",672,2014,5,6,10.5,9.1,590
"406",1568,2016,10,7,12.9,10,503
"407",2243,2018,8,4,21.1,9.7,610
"408",2539,2019,6,6,17.1,10,620
"409",2294,2018,10,6,11.8,10,577
"410",1697,2017,2,3,4.8,9.7,477
"411",2002,2017,12,7,5.5,8.8,469
"412",353,2013,6,2,16.1,3.1,613
"413",1683,2017,2,3,7.9,2.8,673
"414",1975,2017,11,1,6.1,10,635
"415",1762,2017,4,5,11.7,3.3,857
"416",652,2014,4,7,8.3,9.3,482
"417",1168,2015,9,5,20.3,9.5,765
"418",4,2012,7,3,27.7,9.2,432
"419",688,2014,5,1,13.8,10,572
"420",2484,2019,4,7,11.2,2.3,398
"421",1642,2016,12,4,2.9,8.6,542
"422",736,2014,7,7,20.1,10,451
"423",1335,2016,2,5,4.6,9.5,476
"424",1758,2017,4,1,8.1,10,541
"425",258,2013,3,5,-0.4,10,607
"426",533,2013,12,7,4.4,5.8,450
"427",2448,2019,3,6,8.3,6.1,550
"428",1020,2015,4,4,8,10,560
"429",1774,2017,5,3,9.3,9.9,668
"430",551,2014,1,4,-0.5,5.8,603
"431",1053,2015,5,2,10.8,2.3,606
"432",2444,2019,3,2,3.7,10,586
"433",1347,2016,3,3,8,8,660
"434",1381,2016,4,2,11.4,6.4,638
"435",80,2012,9,2,21.4,7.6,556
"436",514,2013,11,2,6.9,10,867
"437",1581,2016,10,6,10.6,8.8,614
"438",459,2013,10,3,18.2,9.3,647
"439",1115,2015,7,1,23,4.1,727
"440",1668,2017,1,2,9.4,2.3,564
"441",2410,2019,2,3,3.9,9.9,615
"442",2390,2019,1,4,-1.4,10,586
"443",139,2012,11,5,5.5,9.7,672
"444",2523,2019,5,4,10.7,8.5,625
"445",430,2013,9,2,21.2,2,551
"446",366,2013,7,1,19.3,4.1,633
"447",897,2014,12,7,3.9,10,439
"448",975,2015,3,1,0.8,6.8,650
"449",1888,2017,9,5,17.1,10,681
"450",1409,2016,5,2,11.1,10,608
"451",2471,2019,4,1,7.9,5.9,594
"452",6,2012,7,5,27.7,10,638
"453",2221,2018,8,3,20.7,7.5,660
"454",1308,2016,1,6,3.2,10,596
"455",2657,2019,10,5,13.1,3.6,606
"456",744,2014,7,1,20.9,7.4,567
"457",2620,2019,9,3,19.2,6.6,600
"458",2389,2019,1,3,-0.4,9.8,579
"459",197,2013,1,7,7.4,4.3,373
"460",2150,2018,5,1,16.1,9.5,626
"461",2576,2019,7,1,24.7,9.5,641
"462",1247,2015,11,7,7.8,9.6,453
"463",1768,2017,5,4,10.8,10,701
"464",1233,2015,11,7,8.7,10,500
"465",1609,2016,11,6,8.3,6.8,463
"466",2101,2018,4,1,3.2,8.1,562
"467",500,2013,11,2,7.6,8.5,647
"468",2434,2019,3,6,1.7,6,642
"469",508,2013,11,3,3.3,10,607
"470",727,2014,6,5,17.7,9.8,660
"471",115,2012,10,2,15,9.7,522
"472",1530,2016,9,4,20.3,6.3,717
"473",1378,2016,4,6,5.4,10,557
"474",2598,2019,8,2,21.8,7.9,469
"475",2519,2019,5,7,14.2,8.9,510
"476",418,2013,8,4,21.4,3.9,578
"477",85,2012,9,7,17.7,9,480
"478",2288,2018,10,7,18,8,529
"479",1884,2017,8,1,17.1,10,584
"480",2531,2019,6,5,15.4,9.8,734
"481",267,2013,3,7,3.9,10,451
"482",546,2013,12,6,4.1,9.9,475
"483",2123,2018,4,2,7.1,10,671
"484",1872,2017,8,3,21.7,6.8,600
"485",2235,2018,8,3,23.4,9.4,645
"486",1258,2015,12,4,10.6,9,668
"487",2106,2018,4,6,6.4,8.7,487
"488",256,2013,3,3,7.9,7.1,636
"489",303,2013,4,1,9.8,9.9,598
"490",761,2014,7,4,19.8,9.6,626
"491",2038,2018,1,1,4.6,6.9,531
"492",2227,2018,8,2,24.3,6.7,658
"493",2211,2018,7,7,19.2,3.2,540
"494",2516,2019,5,4,11.4,10,722
"495",1400,2016,5,7,7.3,9.7,484
"496",715,2014,6,7,18.9,10,475
"497",1343,2016,3,6,1.6,9.1,601
"498",671,2014,5,5,11.1,6.4,698
"499",378,2013,7,6,19.9,3.3,575
"500",41,2012,8,5,24.1,7.6,617
"501",1742,2017,4,6,6.6,9.8,627
"502",1645,2017,1,7,6.9,9,485
"503",397,2013,8,4,20.5,9.8,643
"504",70,2012,9,6,24.1,8.8,598
"505",2395,2019,1,2,-9,10,627
"506",2311,2018,10,2,8.8,10,721
"507",716,2014,6,1,18.4,10,622
"508",2176,2018,6,6,17.1,9.3,677
"509",1576,2016,10,1,14.2,9.9,573
"510",307,2013,5,5,8.3,9.9,686
"511",2735,2019,12,6,6.9,9,355
"512",2265,2018,9,5,18.3,9.2,684
"513",2183,2018,6,6,15.1,5.7,513
"514",914,2014,12,3,-2.8,9.9,461
"515",1937,2017,10,5,16.7,10,823
"516",1588,2016,11,6,8.8,10,626
"517",224,2013,2,6,-1.6,1.2,403
"518",2479,2019,4,2,8.4,10,638
"519",67,2012,9,3,24,6.7,601
"520",600,2014,2,4,4.2,7.1,556
"521",637,2014,3,6,7.2,4.5,569
"522",1011,2015,4,2,6.8,8.6,452
"523",559,2014,1,5,-1.8,9.7,667
"524",1029,2015,4,6,6.5,9.9,592
"525",1433,2016,6,5,14.7,7.8,710
"526",606,2014,2,3,-3.4,8.9,511
"527",2638,2019,9,7,18.1,6.4,515
"528",1414,2016,5,7,13.2,8.9,510
"529",832,2014,10,5,15,10,541
"530",664,2014,4,5,9.4,10,617
"531",1072,2015,6,7,15.3,10,559
"532",2337,2018,11,7,8.7,6.1,483
"533",2230,2018,8,5,24.9,9.6,707
"534",391,2013,7,5,18.9,6,617
"535",1574,2016,10,6,16.3,3.5,629
"536",2148,2018,5,6,9.8,6,583
"537",2460,2019,3,4,2.4,10,644
"538",766,2014,8,2,20.7,3.7,606
"539",2190,2018,6,6,21.7,10,651
"540",2139,2018,5,4,10.6,6.2,663
"541",971,2015,2,4,-2.2,7.5,539
"542",1042,2015,5,5,11.3,7.1,709
"543",338,2013,6,1,16,2,707
"544",337,2013,6,7,16.6,4.6,487
"545",1689,2017,2,2,-1.1,10,688
"546",1345,2016,3,1,2.7,9.9,571
"547",1783,2017,5,5,15.3,6.2,974
"548",1517,2016,8,5,23,9.7,756
"549",2154,2018,5,5,13.6,8,799
"550",236,2013,2,4,-0.8,10,498
"551",723,2014,6,1,16.7,10,644
"552",2417,2019,2,3,5.1,4.4,639
"553",1868,2017,8,6,18.8,4.2,526
"554",2012,2018,1,3,-3.6,10,645
"555",2250,2018,8,4,24.6,7,736
"556",2116,2018,4,2,7.6,8.4,600
"557",235,2013,2,3,3.7,8.5,510
"558",769,2014,8,5,19.1,10,601
"559",1810,2017,6,4,14,10,771
"560",2145,2018,5,3,12.9,9.3,686
"561",1195,2015,10,4,15.4,10,666
"562",689,2014,5,2,13.6,9.9,650
"563",1832,2017,7,5,18.9,5.2,674
"564",1669,2017,1,3,5.1,8.5,576
"565",448,2013,9,6,17.6,9.9,546
"566",2520,2019,5,1,16.7,10,442
"567",940,2015,1,1,-0.4,6.7,484
"568",610,2014,3,7,1.7,9.1,344
"569",1586,2016,11,4,14.9,5.1,689
"570",211,2013,1,7,-5.7,10,429
"571",865,2014,11,3,13.6,6,546
"572",757,2014,7,7,20.3,9.9,476
"573",2185,2018,6,1,17.7,6.1,733
"574",27,2012,7,5,24.8,9.1,638
"575",1856,2017,7,1,17.7,10,656
"576",2018,2018,1,2,3.5,9.3,684
"577",1991,2017,12,3,0.4,9.2,709
"578",1967,2017,11,7,12.7,7.8,573
"579",376,2013,7,4,22.1,4.9,550
"580",2122,2018,4,1,8,10,675
"581",1087,2015,6,1,19.5,6.2,774
"582",2431,2019,2,3,-5.8,10,529
"583",2024,2018,1,1,-0.2,9.1,523
"584",138,2012,11,4,4.7,10,623
"585",783,2014,8,5,17.7,7.9,568
"586",2112,2018,4,5,8.7,6.7,755
"587",989,2015,3,1,0.5,9,529
"588",1590,2016,11,1,8.6,9.6,699
"589",1730,2017,3,1,5.6,6.4,629
"590",969,2015,2,2,-9.8,10,580
"591",2555,2019,7,1,19.4,10,693
"592",2611,2019,8,1,17.9,10,494
"593",968,2015,2,1,-1.4,6,574
"594",2450,2019,3,1,1.4,10,575
"595",1766,2017,5,2,13,2.2,743
"596",2635,2019,9,4,14.1,10,605
"597",1682,2017,2,2,3.4,8.4,626
"598",2679,2019,11,6,8.3,10,506
"599",1222,2015,11,3,13.9,9.7,672
"600",1078,2015,6,6,20,6,395
"601",527,2013,12,1,4.9,6.8,639
"602",979,2015,3,5,-5.2,8.3,939
"603",401,2013,8,1,20.1,10,545
"604",167,2012,12,5,5.2,10,648
"605",837,2014,10,3,18.3,9.9,575
"606",1528,2016,9,2,21.1,7.9,626
"607",1111,2015,7,4,19.6,9.2,686
"608",1836,2017,7,2,20.4,2.7,638
"609",1475,2016,7,5,21.5,5.2,798
"610",308,2013,5,6,8.8,10,580
"611",1757,2017,4,7,8.1,10,517
"612",200,2013,1,3,5.3,7,578
"613",171,2012,12,2,8.5,5.3,645
"614",1182,2015,9,5,16.2,10,585
"615",2058,2018,2,7,4.1,8.3,472
"616",2293,2018,10,5,17.3,5.2,830
"617",1133,2015,8,5,21.8,10,726
"618",53,2012,8,3,23.2,9.8,504
"619",2717,2019,12,2,11.7,1.8,667
"620",588,2014,2,6,-2.1,10,424
"621",1287,2016,1,6,7.7,10,554
"622",142,2012,11,1,6.1,10,585
"623",185,2013,1,2,3.3,10,381
"624",1677,2017,2,4,3.2,10,586
"625",564,2014,1,3,5.1,6.5,583
"626",788,2014,8,3,19.7,6.5,538
"627",2113,2018,4,6,8.7,7,624
"628",396,2013,7,3,21.4,10,553
"629",216,2013,2,5,0.6,10,574
"630",1134,2015,8,6,20.9,10,545
"631",110,2012,10,4,13.8,9.7,630
"632",1302,2016,1,7,1.4,6.3,517
"633",495,2013,11,4,14.3,7.1,646
"634",701,2014,6,7,14.7,10,604
"635",2151,2018,5,2,12.6,10,689
"636",1501,2016,8,3,21.4,9.9,618
"637",2400,2019,1,7,1.7,9.9,445
"638",2032,2018,1,2,7.4,4.4,531
"639",1554,2016,10,7,16.3,4.4,486
"640",1678,2017,2,5,-0.6,10,609
"641",590,2014,2,1,-1.7,9,678
"642",2688,2019,11,1,10.8,10,481
"643",1966,2017,11,6,6.4,10,629
"644",1408,2016,5,1,12.2,10,646
"645",1835,2017,7,1,20.2,9.6,667
"646",1996,2017,12,1,0.4,9.7,706
"647",2439,2019,3,4,-5.5,10,556
"648",1644,2016,12,6,2.1,10,465
"649",2073,2018,3,1,3.2,8.2,616
"650",2567,2019,7,6,22.2,8.1,558
"651",2667,2019,10,1,12.9,9.5,559
"652",1545,2016,9,5,19.1,9.5,812
"653",2129,2018,4,1,7.9,10,656
"654",1068,2015,6,3,11.7,10,658
"655",643,2014,4,5,4.4,10,622
"656",998,2015,3,3,0.9,9.9,538
"657",322,2013,5,6,12.6,10,506
"658",1628,2016,12,4,-1.2,8.8,749
"659",646,2014,4,1,5.6,10,533
"660",1867,2017,8,5,19.8,9.3,655
"661",1331,2016,2,1,5.4,10,615
"662",2172,2018,6,2,12.9,10,720
"663",354,2013,6,3,17,8.4,622
"664",1515,2016,8,3,21.2,10,635
"665",2324,2018,11,1,5.4,10,497
"666",1800,2017,6,1,13.7,7,656
"667",84,2012,9,6,19.1,8.1,547
"668",223,2013,2,5,1.3,7.3,703
"669",1892,2017,9,2,20.1,6.9,707
"670",1156,2015,8,7,22.6,10,563
"671",1850,2017,7,2,17.1,9.5,595
"672",2384,2019,1,5,-1.9,10,644
"673",1021,2015,4,5,8.6,6.9,679
"674",1178,2015,9,1,17.7,10,624
"675",252,2013,3,6,4,9.9,569
"676",1008,2015,4,6,8.5,4.8,507
"677",669,2014,4,3,6.4,9.8,651
"678",1605,2016,11,2,3.2,10,765
"679",1095,2015,6,2,19.5,9.3,622
"680",2317,2018,11,1,8.6,9.7,759
"681",1663,2017,1,4,4.8,7.4,610
"682",2696,2019,11,2,8.1,8.4,630
"683",377,2013,7,5,20.8,3.1,599
"684",2512,2019,5,7,11.1,10,547
"685",144,2012,11,3,8.1,10,689
"686",499,2013,11,1,8.4,10,456
"687",309,2013,5,7,8.8,9.7,515
"688",2126,2018,4,5,9.3,7.8,690
"689",1738,2017,4,2,6.1,6.3,598
"690",2135,2018,5,7,11.4,8.1,495
"691",1599,2016,11,3,12.4,8,705
"692",1425,2016,5,4,18.7,9.7,742
"693",1516,2016,8,4,22.1,10,659
"694",905,2014,12,1,6.1,9.7,566
"695",820,2014,9,7,17.4,9.9,512
"696",1633,2016,12,2,1.6,10,719
"697",10,2012,7,2,24.7,10,524
"698",272,2013,3,5,7.3,10,520
"699",2610,2019,8,7,18.6,10,482
"700",1533,2016,9,7,21.8,6.4,538
"701",868,2014,11,6,2.8,10,529
"702",548,2013,12,1,5.8,8.8,476
"703",169,2012,12,7,6.9,7.5,500
"704",939,2015,1,7,2.5,9.4,406
"705",874,2014,11,5,2.7,10,677
"706",423,2013,8,2,20,4.5,506
"707",7,2012,7,6,29.4,9.5,490
"708",2377,2019,1,5,3.9,9.8,598
"709",834,2014,10,7,11.8,10,473
"710",2310,2018,10,1,12.7,9.8,696
"711",1104,2015,7,4,20.6,8.5,567
"712",135,2012,11,1,13.7,7.4,547
"713",364,2013,6,6,19,1.4,591
"714",1741,2017,4,5,8.8,6.9,694
"715",1303,2016,1,1,0.8,10,658
"716",1968,2017,11,1,4.7,10,748
"717",525,2013,12,6,4.3,7.8,567
"718",2365,2018,12,7,2.6,10,505
"719",1547,2016,9,7,14.2,10,572
"720",180,2012,12,4,3.9,6,525
"721",2386,2019,1,7,-3.3,10,374
"722",1570,2016,10,2,17.7,4.6,590
"723",1834,2017,7,7,20.9,9.3,512
"724",2695,2019,11,1,9.1,3.6,743
"725",912,2014,12,1,5.1,9.9,411
"726",2415,2019,2,1,-0.7,10,568
"727",1103,2015,7,3,21.4,3.8,620
"728",1060,2015,5,2,16.2,9.8,686
"729",174,2012,12,5,8.5,7.1,751
"730",754,2014,7,4,20.9,6.4,539
"731",1555,2016,10,1,15.8,9.9,490
"732",1640,2016,12,2,9.9,4.4,569
"733",436,2013,9,1,15.4,10,632
"734",1484,2016,7,7,22.9,10,566
"735",1932,2017,10,7,17.4,1.4,496
"736",1821,2017,6,1,19.3,9.8,669
"737",1458,2016,6,2,18.9,7.5,675
"738",686,2014,5,6,14.3,5.8,619
"739",792,2014,8,7,20.6,9.4,495
"740",2547,2019,6,7,18.7,10,559
"741",2492,2019,4,1,8.8,9.8,565
"742",2364,2018,12,6,9.1,4.1,568
"743",229,2013,2,4,2.6,8.4,631
"744",2513,2019,5,1,14,4.9,689
"745",72,2012,9,1,18.6,10,637
"746",2031,2018,1,1,2.4,7.6,559
"747",515,2013,11,3,11.8,5.2,742
"748",186,2013,1,3,-2.5,10,480
"749",2313,2018,11,4,14.4,7.6,696
"750",158,2012,12,3,11.4,9.1,514
"751",209,2013,1,5,-7.2,10,674
"752",2353,2018,12,2,0,10,707
"753",2583,2019,7,1,22.7,8.9,649
"754",2220,2018,7,2,20.5,8.4,709
"755",2380,2019,1,1,-2.6,10,584
"756",535,2013,12,2,-1.9,9,703
"757",877,2014,11,1,12.7,4.5,722
"758",2035,2018,1,5,-3.7,10,677
"759",2619,2019,9,2,21.1,8.9,652
"760",2261,2018,9,1,16.8,9.5,650
"761",2529,2019,6,3,15.4,9.6,655
"762",656,2014,4,4,3.1,10,508
"763",2218,2018,7,7,22.7,6.5,463
"764",2362,2018,12,4,3.7,9.6,806
"765",2359,2018,12,1,5.7,6.2,689
"766",19,2012,7,4,22.9,7.5,522
"767",2630,2019,9,6,15.9,10,488
"768",2581,2019,7,6,19.5,10,602
"769",1450,2016,6,1,16.3,10,745
"770",2644,2019,9,6,17.7,10,532
"771",429,2013,9,1,21.6,7,431
"772",2174,2018,6,4,17.7,5.3,833
"773",791,2014,8,6,15.6,10,510
"774",1048,2015,5,4,12.2,10,654
"775",1445,2016,6,3,17.6,10,739
"776",541,2013,12,1,9.3,3.5,707
"777",1755,2017,4,5,7.6,4.6,690
"778",777,2014,8,6,19.1,9.7,490
"779",779,2014,8,1,19.9,9.8,595
"780",31,2012,7,2,23,10,540
"781",1341,2016,3,4,-1.2,10,625
"782",682,2014,5,2,11,10,560
"783",277,2013,4,3,5.9,10,532
"784",853,2014,10,5,10.7,10,668
"785",2099,2018,3,6,6.4,9.6,589
"786",467,2013,10,4,14.7,10,559
"787",765,2014,8,1,20.1,6,589
"788",1670,2017,1,4,6.8,9,563
"789",1859,2017,8,4,19.7,9.1,713
"790",2494,2019,5,3,8.3,10,599
"791",2372,2018,12,7,1.4,10,404
"792",2267,2018,9,7,17.7,6.8,597
"793",2011,2018,1,2,-9.6,10,654
"794",2005,2017,12,3,-5.6,10,577
"795",2354,2018,12,3,0.2,8.9,631
"796",1761,2017,4,4,11.6,3,688
"797",2507,2019,5,2,7.2,7,621
"798",950,2015,2,4,1.2,7.2,569
"799",2125,2018,4,4,10,3.2,729
"800",1474,2016,7,4,20.6,9.3,741
"801",422,2013,8,1,20.2,10,521
"802",1816,2017,6,3,17,5.4,744
"803",2240,2018,8,1,19.3,4.7,562
"804",409,2013,8,2,19.9,4.6,552
"805",2315,2018,11,6,15.4,5.4,656
"806",740,2014,7,4,20.8,5.4,584
"807",2722,2019,12,7,8.7,8,503
"808",1527,2016,9,1,17.8,7,419
"809",392,2013,7,6,20.6,9.6,516
"810",83,2012,9,5,18.2,10,654
"811",782,2014,8,4,19.5,10,567
"812",1142,2015,8,7,23.5,9.5,552
"813",1056,2015,5,5,12.1,9.1,727
"814",1978,2017,11,4,6.2,10,663
"815",1403,2016,5,3,8.5,7.9,653
"816",1781,2017,5,3,14.4,9.8,753
"817",2041,2018,2,4,3.5,9.4,594
"818",863,2014,11,1,9,9.6,560
"819",2368,2018,12,3,-0.1,10,514
"820",1942,2017,10,3,18.4,4.9,648
"821",560,2014,1,6,7.1,4.4,465
"822",2600,2019,8,4,20.3,8.6,560
"823",1913,2017,9,2,18.8,2.6,656
"824",2734,2019,12,5,4.5,10,448
"825",2114,2018,4,7,4.3,9,510
"826",1239,2015,11,6,9.3,10,597
"827",1841,2017,7,7,20.7,5.8,515
"828",2721,2019,12,6,11.5,3.1,577
"829",2355,2018,12,4,-0.6,10,686
"830",1284,2016,1,3,0.8,10,625
"831",802,2014,9,3,19,10,618
"832",2322,2018,11,6,11.2,7.5,606
"833",2276,2018,9,2,15.8,8.7,715
"834",756,2014,7,6,19.4,9.8,534
"835",480,2013,10,3,11.4,9.8,558
"836",1714,2017,3,6,-5.3,9.4,548
"837",1202,2015,10,4,13.9,10,683
"838",1896,2017,9,6,17.3,10,608
"839",2165,2018,6,2,12.5,9.4,688
"840",586,2014,2,4,-0.9,8.6,569
"841",454,2013,9,5,14.5,10,553
"842",271,2013,3,4,5.8,9.9,549
"843",2685,2019,11,5,5.9,10,676
"844",1325,2016,2,2,6.9,4.8,615
"845",2208,2018,7,3,21.8,7.9,688
"846",2575,2019,7,7,24.8,6.7,477
"847",2713,2019,12,5,3.5,10,563
"848",591,2014,2,2,-4.4,10,636
"849",1732,2017,3,3,5.5,8.3,672
"850",684,2014,5,4,14.3,10,659
"851",862,2014,11,7,11.8,10,419
"852",2718,2019,12,3,4.4,4.9,578
"853",2522,2019,5,3,12.6,8.1,601
"854",696,2014,5,2,16.2,9.5,645
"855",1228,2015,11,2,13.2,9.3,757
"856",928,2015,1,3,0.1,8,506
"857",1983,2017,12,2,5.6,10,704
"858",1044,2015,5,7,13.9,0.8,549
"859",1746,2017,4,3,9.5,8.3,540
"860",2515,2019,5,3,13.7,10,693
"861",1556,2016,10,2,15.8,9.7,523
"862",1049,2015,5,5,12.4,10,723
"863",847,2014,10,6,12.6,10,515
"864",2457,2019,3,1,5.8,9.8,526
"865",93,2012,10,1,15.9,10,555
"866",2412,2019,2,5,4.8,3,661
"867",2177,2018,6,7,19.3,10,627
"868",555,2014,1,1,7.9,2.5,518
"869",2637,2019,9,6,19.4,9.9,577
"870",2067,2018,2,2,4.6,10,631
"871",1793,2017,5,1,9.8,8.1,371
"872",629,2014,3,5,4.1,9.6,589
"873",470,2013,10,7,12.8,10,502
"874",2573,2019,7,5,20.7,4.7,666
"875",1367,2016,3,2,9.2,9.7,683
"876",2173,2018,6,3,15.2,7.9,706
"877",589,2014,2,7,-0.9,10,450
"878",2049,2018,2,5,-2.1,10,583
"879",434,2013,9,6,17.6,10,585
"880",2103,2018,4,3,8.5,3.5,554
"881",2350,2018,12,6,-2.3,10,652
"882",1094,2015,6,1,17.9,7.4,662
"883",2445,2019,3,3,1.4,10,562
"884",2017,2018,1,1,1.7,9.9,720
"885",1043,2015,5,6,12.4,4.4,560
"886",2069,2018,3,4,8.2,10,619
"887",2357,2018,12,6,7.8,5.7,628
"888",161,2012,12,6,8.5,3.7,580
"889",1531,2016,9,5,21.9,5.9,715
"890",695,2014,5,1,13.7,9.6,433
"891",916,2015,1,5,4.7,10,442
"892",1201,2015,10,3,17.7,9,658
"893",1355,2016,3,4,7.4,5.9,612
"894",1573,2016,10,5,18.1,6,851
"895",2039,2018,1,2,-0.1,4.3,579
"896",1562,2016,10,1,12.3,8,539
"897",2404,2019,1,4,-9.1,9.5,601
"898",2544,2019,6,4,16.1,3,697
"899",1953,2017,11,7,12.5,10,519
"900",549,2013,12,2,-1.9,9.4,465
"901",697,2014,5,3,10.6,2.6,538
"902",111,2012,10,5,17.3,6.1,738
"903",427,2013,8,6,20.8,7,480
"904",105,2012,10,6,7.3,10,547
"905",641,2014,4,3,4.1,10,519
"906",464,2013,10,1,18.7,8.5,618
"907",901,2014,12,4,5.8,10,621
"908",342,2013,6,5,13.4,7.7,791
"909",2454,2019,3,5,5.7,6.9,718
"910",491,2013,11,7,9.7,8.8,415
"911",1882,2017,8,6,17.8,9.9,570
"912",394,2013,7,1,20.7,6.5,597
"913",2249,2018,8,3,24.1,5.5,685
"914",2724,2019,12,2,3.1,7.3,700
"915",2511,2019,5,6,13.7,8.9,649
"916",1825,2017,6,5,19.4,8.8,747
"917",1448,2016,6,6,17,10,700
"918",2590,2019,8,1,21.2,9.9,616
"919",2612,2019,8,2,15.8,10,529
"920",262,2013,3,2,4.2,4.6,559
"921",2102,2018,4,2,1.8,9.3,551
"922",336,2013,6,6,16.1,7,631
"923",259,2013,3,6,2.8,10,521
"924",12,2012,7,4,25.2,10,577
"925",594,2014,2,5,4.6,5.7,792
"926",1167,2015,9,4,23.2,5.6,716
"927",1998,2017,12,3,6.8,9.9,700
"928",2053,2018,2,2,-0.3,10,613
"929",99,2012,10,7,11.4,9.3,481
"930",611,2014,3,1,-2.6,5.8,440
"931",1824,2017,6,4,18.7,9.9,767
"932",2672,2019,10,6,12.9,7.9,525
"933",799,2014,9,7,21.2,9,477
"934",2475,2019,4,5,6.6,10,688
"935",2081,2018,3,2,1.7,3.4,578
"936",1037,2015,5,7,6.9,9.9,555
"937",2260,2018,9,7,17,10,556
"938",438,2013,9,3,21.1,6.8,576
"939",2008,2017,12,6,-8.5,9.3,565
"940",458,2013,10,2,16.7,10,616
"941",759,2014,7,2,20.5,9.6,526
"942",691,2014,5,4,10.2,8.6,593
"943",679,2014,5,6,12.7,7.1,549
"944",797,2014,9,5,21.3,8.7,647
"945",1864,2017,8,2,18.4,7.8,631
"946",2483,2019,4,6,12.5,2.9,456
"947",573,2014,1,5,-9.6,10,705
"948",2441,2019,3,6,1.7,10,523
"949",713,2014,6,5,16.5,4,708
"950",2409,2019,2,2,6.1,3,570
"951",38,2012,8,2,24,10,547
"952",260,2013,3,7,1.6,9.9,426
"953",69,2012,9,5,25,8.7,680
"954",2562,2019,7,1,18.3,10,592
"955",1843,2017,7,2,20.8,4,706
"956",2096,2018,3,3,4.7,10,629
"957",2245,2018,8,6,19.2,9,552
"958",2621,2019,9,4,19.8,9.5,628
"959",2119,2018,4,5,6.2,10,707
"960",2142,2018,5,7,9.8,9.7,529
"961",1370,2016,4,5,12.7,2.2,702
"962",609,2014,3,6,-4.4,10,497
"963",1922,2017,10,4,17.6,8.4,657
"964",596,2014,2,7,-1.2,7.5,464
"965",1940,2017,10,1,15.3,6.5,669
"966",217,2013,2,6,-2.4,10,534
"967",2593,2019,8,4,22.9,9.4,646
"968",2419,2019,2,5,4.3,8.2,616
"969",298,2013,4,3,8.6,7,598
"970",1126,2015,7,5,24.8,8.5,753
"971",1039,2015,5,2,13.9,9.8,638
"972",2070,2018,3,5,7.4,5.1,884
"973",1262,2015,12,1,11.4,6.7,637
"974",411,2013,8,4,19.6,10,599
"975",2525,2019,6,6,12.9,6.2,557
"976",2392,2019,1,6,1.4,9.8,479
"977",2308,2018,10,6,10,5.7,757
"978",1692,2017,2,5,-0.1,10,680
"979",2603,2019,8,7,21.8,4.2,481
"980",2098,2018,3,5,8.2,2.1,580
"981",2303,2018,10,1,6.3,10,650
"982",1442,2016,6,7,18.9,7.3,587
"983",2489,2019,4,5,8.2,7,500
"984",2071,2018,3,6,4.6,6.2,609
"985",141,2012,11,7,6.2,9.8,446
"986",624,2014,3,7,1.8,10,412
"987",243,2013,2,4,5.2,7.2,517
"988",170,2012,12,1,5.6,5.6,649
"989",294,2013,4,6,11.5,3.6,532
"990",1694,2017,2,7,8.8,9.5,438
"991",55,2012,8,5,25.2,9.3,601
"992",2421,2019,2,7,-0.6,10,439
"993",1252,2015,12,5,7.6,10,680
"994",1883,2017,8,7,16.8,10,498
"995",930,2015,1,5,1.4,10,563
"996",2647,2019,10,2,15.2,10,454
"997",2014,2018,1,5,-5,9.5,700
"998",1312,2016,2,3,5.9,9.5,579
"999",567,2014,1,6,3.8,8.7,448
"1000",1277,2015,12,2,6,6.1,533
"1001",356,2013,6,5,16.7,10,690
"1002",150,2012,11,2,3.7,7,583
"1003",2501,2019,5,3,11.7,10,649
"1004",162,2012,12,7,7.9,7.2,544
"1005",1158,2015,9,2,23.7,9.4,626
"1006",2514,2019,5,2,14.9,7.8,745
"1007",402,2013,8,2,19,10,543
"1008",964,2015,2,4,-2.8,6.9,515
"1009",1482,2016,7,5,22.4,9,769
"1010",585,2014,2,3,0.2,6.3,468
"1011",2285,2018,10,4,15.6,9.6,717
"1012",403,2013,8,3,18.1,9.9,508
"1013",653,2014,4,1,11.2,7,514
"1014",443,2013,9,1,16.9,10,570
"1015",2316,2018,11,7,8.7,10,502
"1016",608,2014,2,5,-6.5,9.6,655
"1017",2186,2018,6,2,15.9,10,762
"1018",2715,2019,12,7,-0.1,10,455
"1019",2587,2019,8,5,22,7.4,610
"1020",1748,2017,4,5,8.6,10,515
"1021",2643,2019,9,5,17.5,8.8,703
"1022",1363,2016,3,5,10.4,2.7,546
"1023",649,2014,4,4,5.3,9.9,645
"1024",385,2013,7,6,23.6,3.3,551
"1025",2251,2018,8,5,21.1,10,623
"1026",1811,2017,6,5,15.4,9.9,657
"1027",741,2014,7,5,20.6,6.5,642
"1028",907,2014,12,3,10.4,2.1,519
"1029",2195,2018,7,4,22.1,1.6,720
"1030",2732,2019,12,3,2,10,264
"1031",556,2014,1,2,-4.5,9.4,491
"1032",995,2015,3,7,1.7,9.4,432
"1033",958,2015,2,5,-5.7,8.1,757
"1034",1109,2015,7,2,19.7,9.8,657
"1035",1955,2017,11,2,11.7,9.8,710
"1036",2009,2017,12,7,-6.1,4.9,462
"1037",712,2014,6,4,16.1,10,563
"1038",1981,2017,12,7,5.9,10,448
"1039",1780,2017,5,2,14.2,10,694
"1040",1432,2016,6,4,13.2,6.8,683
"1041",320,2013,5,4,14.3,7.1,559
"1042",1282,2016,1,1,3.4,10,601
"1043",675,2014,5,2,11.2,9.6,565
"1044",1231,2015,11,5,14.6,9.8,677
"1045",1420,2016,5,6,13.2,9.7,568
"1046",2497,2019,5,6,10.7,4.3,553
"1047",1012,2015,4,3,5.1,10,457
"1048",1456,2016,6,7,16,10,582
"1049",2048,2018,2,4,1.4,8.4,616
"1050",145,2012,11,4,8.5,10,384
"1051",1601,2016,11,5,10.5,10,776
"1052",199,2013,1,2,5.7,9.5,516
"1053",1930,2017,10,5,13.6,10,658
"1054",1579,2016,10,4,8.1,9.8,831
"1055",1631,2016,12,7,9.9,2.5,521
"1056",929,2015,1,4,2.1,2.8,548
"1057",1444,2016,6,2,16.8,10,717
"1058",46,2012,8,3,23.1,6.5,602
"1059",2340,2018,11,3,5,10,573
"1060",1961,2017,11,1,9.3,10,699
"1061",2006,2017,12,4,-9.3,10,609
"1062",1470,2016,7,7,17.2,6.8,508
"1063",45,2012,8,2,24.4,9.6,520
"1064",1790,2017,5,5,13,6.2,776
"1065",1763,2017,4,6,12.3,2.7,661
"1066",1632,2016,12,1,1.8,9.9,722
"1067",1261,2015,12,7,12,8.1,549
"1068",1820,2017,6,7,20.4,9.4,590
"1069",2056,2018,2,5,7.1,2.9,582
"1070",745,2014,7,2,21.9,5.8,587
"1071",1457,2016,6,1,17.9,10,718
"1072",1199,2015,10,1,15.7,9.7,505
"1073",219,2013,2,1,-1.7,8.8,553
"1074",2026,2018,1,3,2.2,5.5,611
"1075",1191,2015,10,7,13.4,10,536
"1076",2030,2018,1,7,4.3,10,418
"1077",824,2014,10,4,15.5,9.4,558
"1078",2079,2018,3,7,2.4,10,465
"1079",14,2012,7,6,25.8,10,536
"1080",2124,2018,4,3,9.6,7.1,626
"1081",534,2013,12,1,0,10,640
"1082",954,2015,2,1,2.8,6.3,547
"1083",2569,2019,7,1,22.8,10,637
"1084",576,2014,1,1,3.8,8.8,511
"1085",157,2012,12,2,11.1,5.6,621
"1086",2675,2019,10,2,12.8,9.9,639
"1087",1490,2016,7,6,21.6,9,599
"1088",771,2014,8,7,20.6,9.8,512
"1089",330,2013,5,7,10.1,9.3,455
"1090",1875,2017,8,6,22.1,5.6,638
"1091",2553,2019,6,6,18.8,7.9,660
"1092",2319,2018,11,3,14.4,8.4,696
"1093",1688,2017,2,1,2.2,6.5,642
"1094",287,2013,4,6,6.9,8.2,555
"1095",2370,2018,12,5,5.4,7.5,681
"1096",2418,2019,2,4,1.9,10,664
"1097",1415,2016,5,1,10.4,10,742
"1098",489,2013,11,5,16.8,6.3,710
"1099",261,2013,3,1,0.1,10,623
"1100",1973,2017,11,6,10.1,10,456
"1101",2086,2018,3,7,-2.7,10,526
"1102",1250,2015,12,3,12,2.3,655
"1103",1849,2017,7,1,17.2,7.5,620
"1104",168,2012,12,6,5.9,9.9,523
"1105",692,2014,5,5,12.7,10,660
"1106",1776,2017,5,5,9.2,9.7,817
"1107",2304,2018,10,2,10.8,9.9,681
"1108",1607,2016,11,4,5.7,10,428
"1109",1950,2017,11,4,14.9,10,746
"1110",578,2014,1,3,-6.5,6.3,649
"1111",1812,2017,6,6,16.5,4.3,654
"1112",1902,2017,9,5,19.9,6.7,827
"1113",631,2014,3,7,3.8,10,427
"1114",460,2013,10,4,18.8,10,590
"1115",2083,2018,3,4,2.5,9.7,689
"1116",2579,2019,7,4,20.8,10,605
"1117",755,2014,7,5,19.7,10,653
"1118",2088,2018,3,2,0.3,10,597
"1119",2533,2019,6,7,14.3,10,526
"1120",1623,2016,12,6,-2.1,10,555
"1121",2302,2018,10,7,9.2,9.1,593
"1122",826,2014,10,6,15.2,6.8,531
"1123",2711,2019,12,3,2.6,10,552
"1124",607,2014,2,4,-4.1,8.6,571
"1125",887,2014,12,4,6.2,9.9,606
"1126",1828,2017,7,1,21.6,8.2,617
"1127",544,2013,12,4,0.7,9.3,428
"1128",2093,2018,3,7,2.1,9.3,491
"1129",2305,2018,10,3,9.3,10,719
"1130",747,2014,7,4,21.3,7.7,587
"1131",2232,2018,8,7,21.6,7.8,499
"1132",742,2014,7,6,18.7,9.9,550
"1133",310,2013,5,1,9.6,5.1,561
"1134",457,2013,9,1,15.3,9.8,605
"1135",2416,2019,2,2,-1.4,8.2,687
"1136",479,2013,10,2,15.1,10,540
"1137",1203,2015,10,5,15.6,9.8,676
"1138",1243,2015,11,3,4.2,10,717
"1139",2168,2018,6,5,12.7,7.9,757
"1140",1232,2015,11,6,9.4,10,613
"1141",2393,2019,1,7,6.2,2.8,411
"1142",566,2014,1,5,3.7,6.7,589
"1143",1017,2015,4,1,7.2,10,554
"1144",2406,2019,2,6,-4.7,10,577
"1145",449,2013,9,7,19.1,8.8,585
"1146",1394,2016,4,1,9.1,10,488
"1147",913,2014,12,2,0.1,10,469
"1148",2272,2018,9,5,15.9,10,715
"1149",516,2013,11,4,4.5,9.4,429
"1150",313,2013,5,4,14,5,602
"1151",1827,2017,7,7,20.4,4.2,537
"1152",444,2013,9,2,13.4,10,627
"1153",2252,2018,9,6,18.3,10,529
"1154",1712,2017,3,4,7.7,9.1,665
"1155",2727,2019,12,5,-4.3,10,698
"1156",2703,2019,11,2,8.1,10,702
"1157",1550,2016,9,3,17.3,5.7,637
"1158",73,2012,9,2,17.1,10,521
"1159",545,2013,12,5,0.6,10,476
"1160",852,2014,10,4,13.4,9.4,626
"1161",2601,2019,8,5,19.2,7.8,523
"1162",970,2015,2,3,-1.2,7.9,628
"1163",1542,2016,9,2,21.7,8.7,619
"1164",285,2013,4,4,7.9,6.6,517
"1165",2138,2018,5,3,10.7,4,711
"1166",329,2013,5,6,13.1,4.6,514
"1167",1679,2017,2,6,-2,10,541
"1168",60,2012,8,3,22.9,10,550
"1169",8,2012,7,7,27,8.5,464
"1170",752,2014,7,2,19.5,5.9,587
"1171",813,2014,9,7,18.9,8.1,515
"1172",963,2015,2,3,-0.8,10,626
"1173",407,2013,8,7,20.8,10,481
"1174",1317,2016,2,1,2.4,3.8,501
"1175",483,2013,10,6,9.4,10,626
"1176",257,2013,3,4,2.8,9.7,557
"1177",2345,2018,12,1,10.6,2.7,697
"1178",2091,2018,3,5,3.1,10,732
"1179",733,2014,7,4,20.6,1.8,740
"1180",2361,2018,12,3,-1.2,10,749
"1181",1756,2017,4,6,8.2,5.7,551
"1182",474,2013,10,4,15.2,7.9,574
"1183",1426,2016,5,5,15.6,6.5,767
"1184",347,2013,6,3,17.8,8.1,615
"1185",1327,2016,2,4,2.2,10,592
"1186",2633,2019,9,2,16.4,10,635
"1187",966,2015,2,6,-5.6,10,517
"1188",1723,2017,3,1,4,9.4,750
"1189",823,2014,10,3,16.9,7.1,559
"1190",2274,2018,9,7,15.4,10,475
"1191",191,2013,1,1,2.2,8.8,521
"1192",1436,2016,6,1,17.2,3.9,758
"1193",2684,2019,11,4,10.8,9.8,669
"1194",1016,2015,4,7,7.2,10,443
"1195",714,2014,6,6,19.2,4.8,613
"1196",2387,2019,1,1,0.4,10,703
"1197",580,2014,1,5,0.9,9.9,560
"1198",432,2013,9,4,19.7,10,493
"1199",323,2013,5,7,13.5,9.3,544
"1200",896,2014,12,6,2.7,9.9,594
"1201",238,2013,2,6,2.4,9.7,521
"1202",1286,2016,1,5,5.2,9.9,602
"1203",1650,2017,1,5,-0.2,6.1,600
"1204",627,2014,3,3,1.7,10,525
"1205",1113,2015,7,6,19.9,10,561
"1206",1478,2016,7,1,21.7,4.1,725
"1207",1933,2017,10,1,16.8,8.8,641
"1208",1535,2016,9,2,17.8,10,779
"1209",849,2014,10,1,12.3,10,642
"1210",206,2013,1,2,-3.2,6.5,544
"1211",2374,2019,1,2,8.6,5.4,430
"1212",1188,2015,10,4,15.4,8.1,683
"1213",903,2014,12,6,3.4,10,505
"1214",1681,2017,2,1,3.1,10,568
"1215",617,2014,3,7,1.8,10,404
"1216",477,2013,10,7,14.6,10,490
"1217",844,2014,10,3,13.9,6.1,708
"1218",1718,2017,3,3,-1.2,7.5,650
"1219",1696,2017,2,2,2.8,10,483
"1220",1321,2016,2,5,-7.1,10,628
"1221",835,2014,10,1,10.5,10,451
"1222",2432,2019,2,4,-3.3,7.4,699
"1223",1297,2016,1,2,-3.6,10,662
"1224",2385,2019,1,6,-4.9,10,520
"1225",2253,2018,9,7,19.4,10,528
"1226",1301,2016,1,6,1.4,6.1,402
"1227",201,2013,1,4,4.1,8.6,491
"1228",638,2014,3,7,7.9,1.7,437
"1229",1010,2015,4,1,6.2,9.5,510
"1230",2144,2018,5,2,12.2,3,778
"1231",1006,2015,4,4,2.8,9.9,653
"1232",2661,2019,10,2,13.7,10,549
"1233",2206,2018,7,1,20.4,2.6,719
"1234",1844,2017,7,3,22,4.2,747
"1235",1226,2015,11,7,11.8,10,472
"1236",1749,2017,4,6,8.2,9.7,495
"1237",1483,2016,7,6,23.5,7.3,650
"1238",212,2013,1,1,-2.6,8.8,507
"1239",817,2014,9,4,15.4,8.6,491
"1240",1508,2016,8,3,24.7,8.4,658
"1241",2188,2018,6,4,17.8,6.3,737
"1242",1619,2016,12,2,5.4,10,711
"1243",2108,2018,4,1,2.4,10,625
"1244",1223,2015,11,4,14.9,9.1,690
"1245",1320,2016,2,4,-0.3,9.5,622
"1246",738,2014,7,2,20.8,6.2,594
"1247",2281,2018,9,7,16.1,9.7,510
"1248",300,2013,4,5,9.7,9.5,675
"1249",1904,2017,9,7,18.2,4.8,586
"1250",351,2013,6,7,16.3,8.9,477
"1251",2140,2018,5,5,13.8,8.1,805
"1252",1906,2017,9,2,18.6,3.3,661
"1253",1621,2016,12,4,5.9,9.8,635
"1254",226,2013,2,1,2.4,7.6,475
"1255",1102,2015,7,2,20.1,7.4,646
"1256",807,2014,9,1,14.2,10,610
"1257",1863,2017,8,1,19.7,10,606
"1258",2297,2018,10,2,13.9,8.6,688
"1259",2403,2019,1,3,2.7,8.8,630
"1260",215,2013,1,4,8.1,5.9,592
"1261",2063,2018,2,5,3.1,9.7,548
"1262",1092,2015,6,6,16.4,9.2,595
"1263",2636,2019,9,5,14.9,10,688
"1264",1383,2016,4,4,6.7,10,674
"1265",2528,2019,6,2,14.7,10,615
"1266",699,2014,5,5,9.8,10,650
"1267",2564,2019,7,3,21.9,7.3,553
"1268",965,2015,2,5,-9.9,9.5,621
"1269",2486,2019,4,2,9.3,6.3,592
"1270",1175,2015,9,5,21.2,7.9,760
"1271",1389,2016,4,3,8.5,10,697
"1272",1479,2016,7,2,23.2,8.3,699
"1273",2236,2018,8,4,25.1,9.1,647
"1274",1538,2016,9,5,14.3,10,780
"1275",2162,2018,6,6,17.3,4.4,622
"1276",214,2013,1,3,7.3,4.4,497
"1277",1931,2017,10,6,16.9,6.7,567
"1278",2090,2018,3,4,2.3,6.6,760
"1279",348,2013,6,4,16,10,534
"1280",1499,2016,8,1,21.8,10,632
"1281",808,2014,9,2,16.2,10,613
"1282",1591,2016,11,2,8.4,10,620
"1283",1295,2016,1,7,4.6,9.2,451
"1284",982,2015,3,1,2,9.6,661
"1285",1489,2016,7,5,21.6,6,774
"1286",1651,2017,1,6,-0.4,5.7,896
"1287",420,2013,8,6,19,10,527
"1288",703,2014,6,2,14.6,10,663
"1289",810,2014,9,4,16.2,10,650
"1290",1280,2016,1,6,3.2,10,422
"1291",597,2014,2,1,-4.3,9.3,491
"1292",858,2014,11,3,14.3,9.3,554
"1293",451,2013,9,2,12.5,10,615
"1294",188,2013,1,5,0.1,10,505
"1295",1935,2017,10,3,13.7,10,737
"1296",2697,2019,11,3,7.1,9.1,526
"1297",1185,2015,9,1,19.3,9.7,586
"1298",875,2014,11,6,2.8,10,512
"1299",860,2014,11,5,11.4,7.9,641
"1300",2556,2019,7,2,19.9,10,591
"1301",165,2012,12,3,4.5,10,550
"1302",1385,2016,4,6,6.8,10,679
"1303",2043,2018,2,6,-6.8,10,478
"1304",1880,2017,8,4,21.1,10,631
"1305",2452,2019,3,3,2.7,10,584
"1306",922,2015,1,4,-10.5,9.9,573
"1307",1338,2016,2,1,8.8,7.2,616
"1308",2159,2018,5,3,15.1,6.4,708
"1309",302,2013,4,7,8.9,9.8,440
"1310",2214,2018,7,3,21,5,657
"1311",244,2013,3,5,4.1,9.4,603
"1312",92,2012,9,7,15.8,9.5,449
"1313",1802,2017,6,3,12.5,8.4,675
"1314",1384,2016,4,5,8,10,733
"1315",1630,2016,12,6,2.3,5.9,623
"1316",622,2014,3,5,-3.7,10,585
"1317",1720,2017,3,5,0.6,10,756
"1318",921,2015,1,3,-5.2,9.4,538
"1319",1207,2015,10,2,14.6,9.7,714
"1320",726,2014,6,4,19.3,3.5,670
"1321",2440,2019,3,5,-2.7,10,652
"1322",222,2013,2,4,-1.4,10,526
"1323",728,2014,6,6,16.8,9.5,611
"1324",628,2014,3,4,5.4,6.3,627
"1325",1328,2016,2,5,1.5,10,532
"1326",2283,2018,10,2,18.2,9.5,613
"1327",819,2014,9,6,17.5,9.9,600
"1328",275,2013,4,1,8.3,6.8,479
"1329",2388,2019,1,2,-1.4,10,618
"1330",2680,2019,11,7,10.6,10,479
"1331",1255,2015,12,1,10.4,8,668
"1332",2166,2018,6,3,12.7,9.7,651
"1333",1653,2017,1,1,-7.6,10,669
"1334",660,2014,4,1,6.2,10,521
"1335",562,2014,1,1,3.7,9.2,568
"1336",312,2013,5,3,15.2,7.5,620
"1337",1660,2017,1,1,-0.2,10,477
"1338",247,2013,3,1,2.8,10,597
"1339",175,2012,12,6,3,10,542
"1340",1795,2017,5,3,13,3.6,669
"1341",1353,2016,3,2,9.1,3.4,608
"1342",1313,2016,2,4,10.9,3.1,609
"1343",1138,2015,8,3,22.2,7.2,643
"1344",787,2014,8,2,17.2,10,608
"1345",1898,2017,9,1,17.6,10,735
"1346",2131,2018,5,3,12.5,10,792
"1347",730,2014,6,1,19.6,10,610
"1348",2358,2018,12,7,6.6,8.4,622
"1349",1629,2016,12,5,-7.7,10,792
"1350",368,2013,7,3,20.4,2.5,635
"1351",2683,2019,11,3,10.8,9.9,615
"1352",153,2012,11,5,5.2,9.3,576
"1353",2104,2018,4,4,4.4,10,531
"1354",2617,2019,9,7,17.7,10,473
"1355",2366,2018,12,1,1.8,9.5,580
"1356",1907,2017,9,3,18.9,3.2,583
"1357",179,2012,12,3,0.1,8.8,531
"1358",156,2012,12,1,11.9,7,621
"1359",124,2012,11,4,8.7,10,439
"1360",1789,2017,5,4,12.1,5.6,742
"1361",415,2013,8,1,18.6,9.5,462
"1362",704,2014,6,3,12.9,7.6,582
"1363",2127,2018,4,6,9.7,5.1,604
"1364",673,2014,5,7,10.8,9.8,451
"1365",58,2012,8,1,22.2,8.6,548
"1366",1214,2015,10,2,8.2,10,631
"1367",2592,2019,8,3,21.2,10,608
"1368",2269,2018,9,2,21.7,8.1,740
"1369",1541,2016,9,1,21.7,7.6,680
"1370",510,2013,11,5,7.9,9.4,702
"1371",1869,2017,8,7,21.7,6.1,563
"1372",327,2013,5,4,16.4,3,735
"1373",705,2014,6,4,15.6,5.8,569
"1374",2191,2018,7,7,21.6,8.8,563
"1375",237,2013,2,5,1.9,9.8,531
"1376",1085,2015,6,6,16.7,10,505
"1377",2420,2019,2,6,5.1,7.9,535
"1378",2300,2018,10,5,9.6,10,787
"1379",2132,2018,5,4,12.2,9.5,790
"1380",88,2012,9,3,19.8,10,404
"1381",2095,2018,3,2,3.1,10,627
"1382",957,2015,2,4,-0.6,8.9,526
"1383",1030,2015,4,7,7.8,9.8,477
"1384",1767,2017,5,3,12.6,9.5,714
"1385",2152,2018,5,3,14.1,6.9,729
"1386",26,2012,7,4,25.6,8.9,604
"1387",461,2013,10,5,17.1,9.3,658
"1388",1146,2015,8,4,23,6.4,600
"1389",326,2013,5,3,14.3,2.5,570
"1390",538,2013,12,5,5.8,8.3,674
"1391",2730,2019,12,1,6.8,7.5,593
"1392",380,2013,7,1,24.6,9.3,581
"1393",1572,2016,10,4,15.8,9.1,662
"1394",2182,2018,6,5,16.2,5.5,728
"1395",2157,2018,5,1,11.9,5.8,409
"1396",2736,2019,12,7,3.6,10,384
"1397",1493,2016,8,2,19.4,9.7,602
"1398",1365,2016,3,7,4.4,9.8,459
"1399",1895,2017,9,5,18.6,9.5,740
"1400",1830,2017,7,3,19.9,9.9,706
"1401",1840,2017,7,6,17.9,8.4,649
"1402",202,2013,1,5,-2.2,7.5,561
"1403",159,2012,12,4,1.7,10,620
"1404",1870,2017,8,1,19.8,6.1,602
"1405",2349,2018,12,5,3.3,9.8,705
"1406",390,2013,7,4,19.8,9.7,507
"1407",240,2013,2,1,3.1,8.3,490
"1408",292,2013,4,4,8.1,10,553
"1409",187,2013,1,4,-5.7,10,549
"1410",413,2013,8,6,19.6,10,504
"1411",933,2015,1,1,5.4,8.2,496
"1412",1234,2015,11,1,12.2,10,618
"1413",25,2012,7,3,24.7,10,612
"1414",1962,2017,11,2,7.8,10,647
"1415",1787,2017,5,2,13.8,7.5,659
"1416",1893,2017,9,3,20.9,6,608
"1417",1238,2015,11,5,13.9,7.2,819
"1418",2481,2019,4,4,6.5,9.6,540
"1419",681,2014,5,1,14.3,9.8,581
"1420",978,2015,3,4,0.4,1.6,830
"1421",1,2012,7,7,28.7,9.7,538
"1422",472,2013,10,2,12.2,10,615
"1423",269,2013,3,2,4.3,9.7,425
"1424",1784,2017,5,6,13.5,10,612
"1425",374,2013,7,2,22.6,5.7,583
"1426",1561,2016,10,7,16.8,6.4,480
"1427",13,2012,7,5,26.1,9.9,603
"1428",1852,2017,7,4,16.6,10,610
"1429",1256,2015,12,2,8.6,7.8,618
"1430",1729,2017,3,7,2.8,9.5,456
"1431",1131,2015,8,3,23.6,7.6,619
"1432",1765,2017,5,1,9.6,5,639
"1433",599,2014,2,3,1.7,8.9,552
"1434",2187,2018,6,3,17.1,10,540
"1435",707,2014,6,6,18.7,9.9,623
"1436",1818,2017,6,5,18.3,6.3,793
"1437",2613,2019,8,3,18.6,9.2,553
"1438",1468,2016,7,5,18.7,3.2,612
"1439",63,2012,9,6,27.6,9.9,515
"1440",648,2014,4,3,8.2,9.6,595
"1441",996,2015,3,1,-2.7,10,586
"1442",119,2012,10,6,16.6,9.6,524
"1443",2493,2019,4,2,7.6,8.3,587
"1444",433,2013,9,5,15.7,10,524
"1445",1544,2016,9,4,19.6,10,660
"1446",1051,2015,5,7,17.3,9.4,543
"1447",1157,2015,8,1,23.8,9,614
"1448",1163,2015,9,7,19.2,10,504
"1449",1518,2016,8,6,23.6,7.7,624
"1450",428,2013,9,7,21.5,7.5,480
"1451",2019,2018,1,3,-0.3,10,687
"1452",2482,2019,4,5,12.1,4.8,551
"1453",2662,2019,10,3,10.8,9.9,658
"1454",1128,2015,8,7,24.4,9,550
"1455",547,2013,12,7,6.2,6.9,394
"1456",373,2013,7,1,22.6,6.7,617
"1457",255,2013,3,2,7.8,7.5,547
"1458",245,2013,3,6,3.4,10,474
"1459",895,2014,12,5,2.8,10,687
"1460",2233,2018,8,1,20.6,7.7,617
"1461",341,2013,6,4,14.8,10,605
"1462",440,2013,9,5,20.6,6.1,652
"1463",1972,2017,11,5,4.9,10,502
"1464",917,2015,1,6,1.4,9.5,456
"1465",1865,2017,8,3,19.5,8.2,655
"1466",328,2013,5,5,16.1,2.1,668
"1467",1108,2015,7,1,21.6,8.3,668
"1468",1263,2015,12,2,14.4,5.9,755
"1469",1606,2016,11,3,2.8,10,807
"1470",1603,2016,11,7,8.3,5.5,529
"1471",1485,2016,7,1,21.9,9.9,698
"1472",1322,2016,2,6,-4.7,7.4,480
"1473",2731,2019,12,2,6,10,530
"1474",481,2013,10,4,9.1,9.9,632
"1475",1421,2016,5,7,13.5,9,571
"1476",505,2013,11,7,9.4,6.8,532
"1477",763,2014,8,6,17.9,8.8,540
"1478",1716,2017,3,1,-5.6,10,792
"1479",1990,2017,12,2,5.9,9.7,687
"1480",781,2014,8,3,17.7,9.9,551
"1481",735,2014,7,6,19.4,8.4,505
"1482",1549,2016,9,2,18.6,7.1,659
"1483",1536,2016,9,3,20.2,10,779
"1484",1211,2015,10,6,10.8,10,519
"1485",2550,2019,6,3,19.6,8.1,803
"1486",2430,2019,2,2,-1.6,10,670
"1487",577,2014,1,2,-5.4,10,504
"1488",404,2013,8,4,19.9,10,549
"1489",630,2014,3,6,3.4,9.7,493
"1490",90,2012,9,5,18.4,5.9,703
"1491",1419,2016,5,5,13.6,10,782
"1492",1647,2017,1,2,6.8,5.4,659
"1493",951,2015,2,5,-8.4,9.8,652
"1494",2668,2019,10,2,13.5,7.9,562
"1495",1274,2015,12,6,10.8,8.9,395
"1496",2478,2019,4,1,11.1,2.1,657
"1497",106,2012,10,7,14.8,10,517
"1498",1848,2017,7,7,20.2,8.7,554
"1499",2510,2019,5,5,11.3,8.4,726
"1500",1798,2017,6,6,13.8,10,637
"1501",1733,2017,3,4,4.4,10,639
"1502",304,2013,4,2,10.6,10,576
"1503",1600,2016,11,4,9.2,9.6,707
"1504",523,2013,12,4,6.3,8.3,573
"1505",2537,2019,6,4,13.7,6.2,634
"1506",17,2012,7,2,29.2,9.4,648
"1507",1464,2016,7,1,20.2,9.9,488
"1508",1984,2017,12,3,10.7,7.9,651
"1509",2,2012,7,1,26.8,10,564
"1510",1027,2015,4,4,8.3,9.8,612
"1511",1685,2017,2,5,-6.1,7.9,708
"1512",2689,2019,11,2,12.2,8.4,595
"1513",1506,2016,8,1,25.3,8.8,643
"1514",650,2014,4,5,8.9,8.8,609
"1515",1847,2017,7,6,23.3,8.8,648
"1516",1066,2015,6,1,13.3,4.9,691
"1517",130,2012,11,3,2.8,7.3,718
"1518",1090,2015,6,4,20.4,10,670
"1519",2495,2019,5,4,9.7,8.2,668
"1520",1791,2017,5,6,14.2,10,475
"1521",2541,2019,6,1,18.9,8.1,552
"1522",2616,2019,8,6,21.3,9.1,502
"1523",2231,2018,8,6,20.4,9,568
"1524",1064,2015,5,6,17.4,4.2,622
"1525",2565,2019,7,4,19.3,2.2,658
"1526",151,2012,11,3,3.1,9.3,512
"1527",846,2014,10,5,12.4,7.6,669
"1528",960,2015,2,7,-3.5,4.6,454
"1529",831,2014,10,4,16,9.7,499
"1530",33,2012,8,4,23.9,6.2,570
"1531",2003,2017,12,1,5.1,7.9,333
"1532",1097,2015,7,4,20.4,7.1,603
"1533",2110,2018,4,3,3.3,10,612
"1534",1305,2016,1,3,6.1,7.5,670
"1535",121,2012,10,1,13.8,6.1,298
"1536",1842,2017,7,1,19.6,3.9,639
"1537",1925,2017,10,7,18.8,9.2,521
"1538",1265,2015,12,4,9.4,8.8,745
"1539",2498,2019,5,7,8.3,6.8,529
"1540",881,2014,11,5,2.8,9.3,444
"1541",1745,2017,4,2,9.9,8.8,519
"1542",2036,2018,1,6,2.7,10,510
"1543",2709,2019,12,1,7.1,4.3,580
"1544",213,2013,1,2,1.9,2.6,542
"1545",1512,2016,8,7,20.2,9.6,512
"1546",1461,2016,7,5,19.4,7.8,752
"1547",2373,2018,12,1,0,10,622
"1548",1122,2015,7,1,21.7,9.9,626
"1549",1406,2016,5,6,11.4,5.1,571
"1550",2640,2019,9,2,20.3,7.8,628
"1551",2700,2019,11,6,4.7,10,528
"1552",2296,2018,10,1,13.9,9.1,692
"1553",854,2014,11,6,11.7,8.8,656
"1554",2462,2019,3,6,7.8,9.4,516
"1555",983,2015,3,2,2.5,9.9,584
"1556",2027,2018,1,4,0.2,8.4,634
"1557",2356,2018,12,5,3.3,10,841
"1558",731,2014,7,2,20.3,9.8,616
"1559",1180,2015,9,3,16.9,10,501
"1560",496,2013,11,5,8.4,10,682
"1561",24,2012,7,2,26.8,8.1,574
"1562",2351,2018,12,7,-1.3,10,465
"1563",1361,2016,3,3,9.2,8.5,621
"1564",2458,2019,3,2,2.7,10,610
"1565",1947,2017,10,1,15.8,6.9,832
"1566",2332,2018,11,2,9,9.2,695
"1567",1735,2017,4,6,4.3,3.3,591
"1568",1206,2015,10,1,6,10,667
"1569",1988,2017,12,7,3.9,9,513
"1570",1899,2017,9,2,18.5,10,680
"1571",2491,2019,4,7,8.3,9.4,395
"1572",1945,2017,10,6,12.8,10,615
"1573",2580,2019,7,5,19.5,9.4,650
"1574",108,2012,10,2,13.2,9.9,602
"1575",2169,2018,6,6,17.2,9.8,706
"1576",1007,2015,4,5,7.2,5.9,491
"1577",2614,2019,8,4,21.7,6.3,592
"1578",465,2013,10,2,16.4,8.7,574
"1579",1509,2016,8,4,21.9,9.9,635
"1580",23,2012,7,1,24.4,8.9,505
"1581",501,2013,11,3,0.8,10,593
"1582",898,2014,12,1,3.2,9.9,720
"1583",1575,2016,10,7,12.1,10,534
"1584",1805,2017,6,6,15.8,9.3,665
"1585",164,2012,12,2,10.1,7.3,578
"1586",2204,2018,7,6,18.3,10,577
"1587",2691,2019,11,4,1.7,10,545
"1588",1412,2016,5,5,13.1,6.6,766
"1589",2246,2018,8,7,20.1,10,528
"1590",265,2013,3,5,1.3,6.8,604
"1591",1889,2017,9,6,14.8,10,562
"1592",1560,2016,10,6,14.8,8.5,633
"1593",981,2015,3,7,1,9.2,464
"1594",2648,2019,10,3,19.8,8.9,688
"1595",1806,2017,6,7,16.4,9.3,702
"1596",2447,2019,3,5,7.4,7.3,673
"1597",1504,2016,8,6,24.4,5.4,614
"1598",311,2013,5,2,12.4,4.4,592
"1599",889,2014,12,6,9.4,6.8,628
"1600",1293,2016,1,5,2.5,10,722
"1601",2149,2018,5,7,13.6,0.7,578
"1602",2179,2018,6,2,19.8,6.3,812
"1603",2242,2018,8,3,20.1,4.8,599
"1604",2207,2018,7,2,21.4,4.6,680
"1605",932,2015,1,7,4.4,9.2,961
"1606",1571,2016,10,3,18.7,6.4,676
"1607",1519,2016,8,7,19.8,8.7,559
"1608",1924,2017,10,6,17.7,3.9,570
"1609",2396,2019,1,3,-0.2,9.4,553
"1610",1237,2015,11,4,10.2,10,797
"1611",475,2013,10,5,16.8,8.8,680
"1612",2574,2019,7,6,24.6,6.1,586
"1613",466,2013,10,3,13.6,10,529
"1614",1014,2015,4,5,6.6,3.6,486
"1615",137,2012,11,3,6,9.6,625
"1616",841,2014,10,7,13.3,10,483
"1617",961,2015,2,1,-11.8,8.6,402
"1618",543,2013,12,3,-3.2,9.7,257
"1619",2670,2019,10,4,13.1,10,613
"1620",1943,2017,10,4,15.6,7.8,658
"1621",301,2013,4,6,8.1,8.6,517
"1622",1759,2017,4,2,9.8,6.7,723
"1623",2347,2018,12,3,-0.2,10,652
"1624",372,2013,7,7,23.6,9,475
"1625",1219,2015,11,7,13.9,9.9,312
"1626",1782,2017,5,4,15.6,7,911
"1627",1976,2017,11,2,3.3,10,649
"1628",1397,2016,4,4,8.7,10,489
"1629",250,2013,3,4,3.5,4.1,535
"1630",803,2014,9,4,18,9.7,619
"1631",1523,2016,9,4,21.9,9.7,675
"1632",1150,2015,8,1,22.1,3.8,575
"1633",1192,2015,10,1,14.8,10,597
"1634",2076,2018,3,4,4.2,8.2,633
"1635",1428,2016,5,7,18.1,10,566
"1636",2665,2019,10,6,10.3,10,586
"1637",2184,2018,6,7,17.1,3.7,553
"1638",1739,2017,4,3,5.9,7.8,587
"1639",1254,2015,12,7,7.4,8.5,485
"1640",1306,2016,1,4,1.7,10,681
"1641",778,2014,8,7,20.2,8.3,476
"1642",128,2012,11,1,5.7,10,479
"1643",1015,2015,4,6,8.8,5.1,576
"1644",582,2014,2,7,4.1,5.5,417
"1645",183,2012,12,7,0.2,8.8,411
"1646",2360,2018,12,2,0.7,9.6,731
"1647",980,2015,3,6,-3.9,9.9,578
"1648",1522,2016,8,3,21.3,10,661
"1649",657,2014,4,5,4.7,9.9,496
"1650",2338,2018,11,1,7.4,7.8,743
"1651",2061,2018,2,3,7.7,0.2,601
"1652",1944,2017,10,5,12.3,10,759
"1653",503,2013,11,5,11.7,10,617
"1654",2615,2019,8,5,20,9.2,630
"1655",1210,2015,10,5,13.4,10,742
"1656",1018,2015,4,2,9.9,8.9,542
"1657",1281,2016,1,7,6.9,10,432
"1658",1680,2017,2,7,2.3,9.5,429
"1659",924,2015,1,6,-2.8,10,481
"1660",360,2013,6,2,20.9,8.4,648
"1661",1266,2015,12,5,12.3,2.4,767
"1662",1877,2017,8,1,21.1,9.8,627
"1663",155,2012,12,7,6.8,3.9,455
"1664",2650,2019,10,5,14.1,9.4,708
"1665",1348,2016,3,4,9.8,7.6,629
"1666",1471,2016,7,1,17.3,9.9,618
"1667",2716,2019,12,1,9,7.3,737
"1668",997,2015,3,2,-0.3,10,601
"1669",1062,2015,5,4,16.9,9.2,682
"1670",116,2012,10,3,13.9,6.4,494
"1671",263,2013,3,3,2.5,10,540
"1672",352,2013,6,1,17.3,7,614
"1673",1034,2015,4,4,8.9,10,640
"1674",193,2013,1,3,4.4,6.8,487
"1675",1329,2016,2,6,6,8.8,555
"1676",1330,2016,2,7,8.2,8.4,481
"1677",1881,2017,8,5,19.1,10,633
"1678",1398,2016,4,5,7.8,10,517
"1679",1337,2016,2,7,6,10,509
"1680",2599,2019,8,3,21.7,8.6,537
"1681",2264,2018,9,4,18.9,6.3,718
"1682",2222,2018,8,4,23.2,5.4,722
"1683",62,2012,8,5,25.9,9.9,701
"1684",1939,2017,10,7,15.9,10,528
"1685",1724,2017,3,2,4.4,10,636
"1686",613,2014,3,3,-1.4,9.5,491
"1687",1656,2017,1,4,8.8,5.4,646
"1688",1107,2015,7,7,21.9,9.7,521
"1689",2584,2019,7,2,22.8,6.6,638
"1690",2532,2019,6,6,15.9,9.8,580
"1691",2247,2018,8,1,22.8,9.1,651
"1692",949,2015,2,3,-2.2,10,585
"1693",2075,2018,3,3,3.4,8.9,517
"1694",1853,2017,7,5,20.7,10,685
"1695",132,2012,11,5,6.3,9.8,688
"1696",619,2014,3,2,5.2,8.3,510
"1697",1159,2015,9,3,18.9,9.7,654
"1698",2111,2018,4,4,6,10,610
"1699",2229,2018,8,4,23.8,3.6,709
"1700",926,2015,1,1,4.9,7.7,580
"1701",2608,2019,8,5,22.2,9.4,569
"1702",176,2012,12,7,3.2,10,408
"1703",2591,2019,8,2,20.5,9.8,551
"1704",2710,2019,12,2,4.4,5.2,620
"1705",1917,2017,9,6,13.5,9.8,550
"1706",2405,2019,2,5,-8,9.8,651
"1707",1106,2015,7,6,22.1,10,597
"1708",1351,2016,3,7,10.1,10,435
"1709",987,2015,3,6,3.7,5.8,507
"1710",685,2014,5,5,14.6,9.1,700
"1711",2543,2019,6,3,16.8,6.7,591
"1712",1245,2015,11,5,11.4,9.8,480
"1713",2560,2019,7,6,20.5,1.5,471
"1714",103,2012,10,4,11.9,10,657
"1715",424,2013,8,3,19.1,3.9,482
"1716",2200,2018,7,2,19.6,9.9,727
"1717",109,2012,10,3,11.1,10,615
"1718",786,2014,8,1,17.4,10,549
"1719",1873,2017,8,4,20,9.1,639
"1720",2193,2018,7,2,19.4,2.9,678
"1721",196,2013,1,6,5.9,7.1,475
"1722",2078,2018,3,6,3.4,10,567
"1723",2084,2018,3,5,2.3,10,753
"1724",1166,2015,9,3,24.3,7.6,740
"1725",1356,2016,3,5,8.3,9.9,644
"1726",242,2013,2,3,6.7,5.9,550
"1727",1099,2015,7,6,17.2,8,389
"1728",507,2013,11,2,8.3,9.8,600
"1729",1013,2015,4,4,4.1,4.5,452
"1730",1359,2016,3,1,3,7.3,617
"1731",941,2015,1,2,-1,0.6,188
"1732",2275,2018,9,1,14.1,10,594
"1733",1614,2016,12,4,11.9,6.6,734
"1734",520,2013,12,1,6.7,7,549
"1735",51,2012,8,1,21.9,10,473
"1736",2278,2018,9,4,19.1,8.5,672
"1737",2530,2019,6,4,16.7,5.2,744
"1738",1452,2016,6,3,18.7,7.2,751
"1739",517,2013,11,5,-0.4,10,437
"1740",2588,2019,8,6,21.3,10,566
"1741",1045,2015,5,1,14.4,0.8,645
"1742",2422,2019,2,1,0.4,6.3,406
"1743",870,2014,11,1,11.2,6.5,666
"1744",1124,2015,7,3,24.4,5.4,629
"1745",1637,2016,12,6,6.7,8.2,554
"1746",1399,2016,4,6,8.5,10,581
"1747",2408,2019,2,1,4.3,7.5,651
"1748",2464,2019,4,1,5.4,10,602
"1749",2180,2018,6,3,17.1,7.9,698
"1750",1982,2017,12,1,4.9,10,684
"1751",283,2013,4,2,9.7,6.7,613
"1752",2141,2018,5,6,9.4,9.5,602
"1753",1105,2015,7,5,18.4,8.7,709
"1754",857,2014,11,2,11.5,10,538
"1755",1625,2016,12,1,6.4,6.5,665
"1756",1764,2017,4,7,11.9,9.8,470
"1757",1145,2015,8,3,23.3,6.3,594
"1758",2401,2019,1,1,2.1,9.8,565
"1759",1000,2015,3,5,5.8,5.1,532
"1760",827,2014,10,7,15.3,9.6,505
"1761",2213,2018,7,2,20.7,5.7,654
"1762",2147,2018,5,5,11.2,5.7,616
"1763",623,2014,3,6,5.2,8.8,519
"1764",2295,2018,10,7,11.6,10,516
"1765",2042,2018,2,5,1.2,6.4,617
"1766",2237,2018,8,5,23.8,6.3,703
"1767",1439,2016,6,4,15.5,10,686
"1768",1754,2017,4,4,8.6,5.9,632
"1769",1938,2017,10,6,14.9,10,583
"1770",553,2014,1,6,-7.3,9.3,418
"1771",1611,2016,11,1,4.2,10,647
"1772",2394,2019,1,1,-10.2,7,412
"1773",2259,2018,9,6,19.2,10,568
"1774",1608,2016,11,5,9.2,10,455
"1775",539,2013,12,6,8.7,5.5,594
"1776",1098,2015,7,5,20.2,7.6,549
"1777",780,2014,8,2,17.7,8.8,516
"1778",2535,2019,6,2,17.6,5.4,682
"1779",1510,2016,8,5,23.6,10,707
"1780",1912,2017,9,1,17.9,2.8,726
"1781",1649,2017,1,4,2.4,10,552
"1782",603,2014,2,7,5.6,9.5,414
"1783",2653,2019,10,1,19.4,10,575
"1784",890,2014,12,7,5.5,8,493
"1785",1194,2015,10,3,13.9,10,668
"1786",2346,2018,12,2,4.8,10,684
"1787",1170,2015,9,7,20.1,8.8,478
"1788",851,2014,10,3,16.6,8,556
"1789",1999,2017,12,4,0.2,10,742
"1790",1368,2016,3,3,6.3,10,650
"1791",1230,2015,11,4,11.4,7.3,637
"1792",746,2014,7,3,21.3,6,551
"1793",1826,2017,7,6,19.8,5.9,595
"1794",828,2014,10,1,13.2,10,639
"1795",1179,2015,9,2,17.5,10,571
"1796",2578,2019,7,3,18.9,9.9,626
"1797",2292,2018,10,4,19.6,4.1,741
"1798",2413,2019,2,6,-0.3,10,540
"1799",425,2013,8,4,18.7,5.8,572
"1800",2137,2018,5,2,9.1,4.9,736
"1801",1125,2015,7,4,23.4,6.2,717
"1802",2133,2018,5,5,11.8,7.8,723
"1803",221,2013,2,3,1.6,9,566
"1804",1540,2016,9,7,21.4,9.3,535
"1805",923,2015,1,5,1.8,9.5,751
"1806",2733,2019,12,4,2.2,10,414
"1807",1927,2017,10,2,20.4,5.9,768
"1808",1189,2015,10,5,13.3,4.1,798
"1809",1704,2017,3,3,8.6,2,571
"1810",2428,2019,2,7,4.7,5.7,401
"1811",2107,2018,4,7,3.3,9.5,468
"1812",2500,2019,5,2,9.1,10,647
"1813",2196,2018,7,5,21.4,4.8,654
"1814",1690,2017,2,3,2.6,7.5,603
"1815",867,2014,11,5,6.5,9.7,654
"1816",2342,2018,11,5,3.6,10,743
"1817",1592,2016,11,3,10.9,8.8,541
"1818",346,2013,6,2,16,1.8,635
"1819",2545,2019,6,5,17.3,3.8,771
"1820",270,2013,3,3,5.4,10,441
"1821",667,2014,4,1,8.1,10,597
"1822",441,2013,9,6,18.1,10,519
"1823",1184,2015,9,7,15.2,10,493
"1824",2487,2019,4,3,10.8,8,515
"1825",2224,2018,8,6,22.1,4.4,605
"1826",1564,2016,10,3,11.6,10,498
"1827",340,2013,6,3,14.8,9.8,599
"1828",2194,2018,7,3,22.1,4.8,406
"1829",1492,2016,8,1,20.1,9.3,569
"1830",447,2013,9,5,17,9.5,631
"1831",2100,2018,4,7,6.8,10,399
"1832",1583,2016,10,1,9.1,8.2,655
"1833",1275,2015,12,7,11.6,4.5,518
"1834",2411,2019,2,4,3.9,4.5,588
"1835",2582,2019,7,7,19.4,9.6,527
"1836",840,2014,10,6,17.1,9,494
"1837",524,2013,12,5,10.3,3,759
"1838",2203,2018,7,5,18.2,10,726
"1839",1224,2015,11,5,16.8,4.3,616
"1840",1546,2016,9,6,15.9,10,612
"1841",1063,2015,5,5,18.6,9.2,813
"1842",1584,2016,11,2,7.9,10,732
"1843",1177,2015,9,7,21.5,7.5,556
"1844",1076,2015,6,4,18.1,9.1,666
"1845",1423,2016,5,2,12.6,4.4,695
"1846",1705,2017,3,4,8.8,6.9,653
"1847",1242,2015,11,2,3.1,10,733
"1848",1466,2016,7,3,22.1,8.6,680
"1849",842,2014,10,1,9.4,10,591
"1850",2117,2018,4,3,5.5,10,662
"1851",1153,2015,8,4,22.4,10,614
"1852",677,2014,5,4,11.1,9.6,596
"1853",2087,2018,3,1,-0.8,10,686
"1854",2673,2019,10,7,11.9,7.6,467
"1855",2681,2019,11,1,8.9,10,623
"1856",2244,2018,8,5,19.5,10,681
"1857",1373,2016,4,1,2.5,8.2,683
"1858",118,2012,10,5,16,10,598
"1859",1949,2017,11,3,10.3,10,607
"1860",1635,2016,12,4,3.8,10,700
"1861",1116,2015,7,2,22.6,3.6,606
"1862",2175,2018,6,5,15,9.3,728
"1863",1502,2016,8,4,23.1,4.7,672
"1864",720,2014,6,5,18.1,9.8,765
"1865",1114,2015,7,7,21.9,6.9,545
"1866",1273,2015,12,5,13.4,4,321
"1867",314,2013,5,5,13.4,5.7,698
"1868",718,2014,6,3,22,6.4,663
"1869",1919,2017,10,1,14.4,10,739
"1870",1181,2015,9,4,16.4,10,619
"1871",2559,2019,7,5,18.9,4.7,542
"1872",1376,2016,4,4,10.5,7.6,630
"1873",1417,2016,5,3,13.1,10,676
"1874",2427,2019,2,6,1.6,10,439
"1875",1977,2017,11,3,11.2,9.8,701
"1876",1309,2016,1,7,7.2,8.6,532
"1877",2503,2019,5,5,9.1,9.4,660
"1878",794,2014,9,2,21.7,1.7,700
"1879",953,2015,2,7,1.4,7.6,394
"1880",2571,2019,7,3,21.6,5.7,630
"1881",683,2014,5,3,10.7,10,638
"1882",39,2012,8,3,25.4,8.8,528
"1883",1244,2015,11,4,10.1,10,383
"1884",437,2013,9,2,18.6,10,629
"1885",1413,2016,5,6,15.2,6.9,589
"1886",1459,2016,6,3,19.6,7.2,687
"1887",2156,2018,5,7,12.1,6,487
"1888",1589,2016,11,7,9.9,9,532
"1889",1339,2016,3,2,6.2,9.3,662
"1890",1209,2015,10,4,15.8,8.8,666
"1891",148,2012,11,7,2.6,10,415
"1892",1495,2016,8,4,17.9,10,715
"1893",1435,2016,6,7,14.7,3.4,466
"1894",1346,2016,3,2,6.9,8.8,632
"1895",253,2013,3,7,3.9,10,415
"1896",1143,2015,8,1,23.4,7.6,592
"1897",1903,2017,9,6,19.3,4.6,623
"1898",316,2013,5,7,13.4,3.3,527
"1899",694,2014,5,7,12.1,10,472
"1900",246,2013,3,7,3,10,502
"1901",1890,2017,9,7,15.6,6.7,518
"1902",1494,2016,8,3,19.7,10,687
"1903",2291,2018,10,3,19,3.9,708
"1904",1164,2015,9,1,22.8,10,485
"1905",284,2013,4,3,8.1,7.6,580
"1906",204,2013,1,7,7.9,7,393
"1907",15,2012,7,7,26.5,9.1,494
"1908",147,2012,11,6,6.7,9.5,458
"1909",359,2013,6,1,19.3,2.8,680
"1910",1070,2015,6,5,11.7,10,692
"1911",123,2012,10,3,9.8,8.6,549
"1912",2309,2018,10,7,13.8,6.9,556
"1913",1703,2017,2,2,6.8,9,591
"1914",1058,2015,5,7,13.6,10,432
"1915",81,2012,9,3,19.3,7.6,612
"1916",1923,2017,10,5,18.3,7.4,649
"1917",944,2015,1,5,1.7,8.4,622
